"SSB_Unfished","Totbio_Unfished","SmryBio_Unfished","Recr_Unfished","SSB_Btgt","SPR_Btgt","F_Btgt","TotYield_Btgt","SSB_SPR","F_SPR","TotYield_SPR","SSB_MSY","SPR_MSY","F_MSY","TotYield_MSY","Ret_Catch_MSY","max_grad","depletion","alt_sigma_r","last_yr_early","first_yr_full","last_yr_full","first_yr_recent","max_bias_adj","params_on_bound","params_stuck_low","params_stuck_high","NatM_p_1_Fem_GP_1","L_at_Amin_Fem_GP_1","L_at_Amax_Fem_GP_1","VonBert_K_Fem_GP_1","CV_young_Fem_GP_1","CV_old_Fem_GP_1","Wtlen_1_Fem_GP_1","Wtlen_2_Fem_GP_1","Mat50._Fem_GP_1","Mat_slope_Fem_GP_1","Eggs.kg_inter_Fem_GP_1","Eggs.kg_slope_wt_Fem_GP_1","CohortGrowDev","FracFemale_GP_1","SR_LN_R0","SR_BH_steep","SR_sigmaR","SR_regime","SR_autocorr","SR_regime_BLK1repl_1980","Early_InitAge_4","Early_InitAge_3","Early_InitAge_2","Early_InitAge_1","Early_RecrDev_1981","Early_RecrDev_1982","Late_RecrDev_2019","Late_RecrDev_2020","Late_RecrDev_2021","Late_RecrDev_2022","Late_RecrDev_2023","Late_RecrDev_2024","Late_RecrDev_2025","ForeRecr_2026","Impl_err_2026","InitF_seas_2_flt_2MexCal_S2","LnQ_base_AT_Survey_4","LnQ_base_DEPM_5","LnQ_base_TEP_all_6","LnQ_base_AT_Survey_4_BLK5repl_2015","Size_inflection_MexCal_S1_1","Size_95.width_MexCal_S1_1","AgeSel_P1_MexCal_S1_1","AgeSel_P2_MexCal_S1_1","AgeSel_P3_MexCal_S1_1","AgeSel_P4_MexCal_S1_1","AgeSel_P5_MexCal_S1_1","AgeSel_P6_MexCal_S1_1","AgeSel_P7_MexCal_S1_1","AgeSel_P8_MexCal_S1_1","AgeSel_P9_MexCal_S1_1","AgeSel_P1_MexCal_S2_2","AgeSel_P2_MexCal_S2_2","AgeSel_P3_MexCal_S2_2","AgeSel_P4_MexCal_S2_2","AgeSel_P5_MexCal_S2_2","AgeSel_P6_MexCal_S2_2","AgeSel_P7_MexCal_S2_2","AgeSel_P8_MexCal_S2_2","AgeSel_P9_MexCal_S2_2","Age_inflection_PNW_3","Age_95.width_PNW_3","AgeSel_P1_AT_Survey_4","AgeSel_P2_AT_Survey_4","AgeSel_P2_MexCal_S1_1_BLK3repl_1983","AgeSel_P2_MexCal_S1_1_BLK3repl_1985","AgeSel_P2_MexCal_S1_1_BLK3repl_1987","AgeSel_P2_MexCal_S1_1_BLK3repl_1989","AgeSel_P2_MexCal_S1_1_BLK3repl_1991","AgeSel_P2_MexCal_S1_1_BLK3repl_1993","AgeSel_P2_MexCal_S1_1_BLK3repl_1995","AgeSel_P2_MexCal_S1_1_BLK3repl_1997","AgeSel_P2_MexCal_S1_1_BLK3repl_1999","AgeSel_P2_MexCal_S1_1_BLK3repl_2001","AgeSel_P2_MexCal_S1_1_BLK3repl_2003","AgeSel_P2_MexCal_S1_1_BLK3repl_2005","AgeSel_P2_MexCal_S1_1_BLK3repl_2007","AgeSel_P2_MexCal_S1_1_BLK3repl_2009","AgeSel_P2_MexCal_S1_1_BLK3repl_2011","AgeSel_P2_MexCal_S1_1_BLK3repl_2013","AgeSel_P3_MexCal_S1_1_BLK3repl_1983","AgeSel_P3_MexCal_S1_1_BLK3repl_1985","AgeSel_P3_MexCal_S1_1_BLK3repl_1987","AgeSel_P3_MexCal_S1_1_BLK3repl_1989","AgeSel_P3_MexCal_S1_1_BLK3repl_1991","AgeSel_P3_MexCal_S1_1_BLK3repl_1993","AgeSel_P3_MexCal_S1_1_BLK3repl_1995","AgeSel_P3_MexCal_S1_1_BLK3repl_1997","AgeSel_P3_MexCal_S1_1_BLK3repl_1999","AgeSel_P3_MexCal_S1_1_BLK3repl_2001","AgeSel_P3_MexCal_S1_1_BLK3repl_2003","AgeSel_P3_MexCal_S1_1_BLK3repl_2005","AgeSel_P3_MexCal_S1_1_BLK3repl_2007","AgeSel_P3_MexCal_S1_1_BLK3repl_2009","AgeSel_P3_MexCal_S1_1_BLK3repl_2011","AgeSel_P3_MexCal_S1_1_BLK3repl_2013","AgeSel_P4_MexCal_S1_1_BLK3repl_1983","AgeSel_P4_MexCal_S1_1_BLK3repl_1985","AgeSel_P4_MexCal_S1_1_BLK3repl_1987","AgeSel_P4_MexCal_S1_1_BLK3repl_1989","AgeSel_P4_MexCal_S1_1_BLK3repl_1991","AgeSel_P4_MexCal_S1_1_BLK3repl_1993","AgeSel_P4_MexCal_S1_1_BLK3repl_1995","AgeSel_P4_MexCal_S1_1_BLK3repl_1997","AgeSel_P4_MexCal_S1_1_BLK3repl_1999","AgeSel_P4_MexCal_S1_1_BLK3repl_2001","AgeSel_P4_MexCal_S1_1_BLK3repl_2003","AgeSel_P4_MexCal_S1_1_BLK3repl_2005","AgeSel_P4_MexCal_S1_1_BLK3repl_2007","AgeSel_P4_MexCal_S1_1_BLK3repl_2009","AgeSel_P4_MexCal_S1_1_BLK3repl_2011","AgeSel_P4_MexCal_S1_1_BLK3repl_2013","AgeSel_P5_MexCal_S1_1_BLK3repl_1983","AgeSel_P5_MexCal_S1_1_BLK3repl_1985","AgeSel_P5_MexCal_S1_1_BLK3repl_1987","AgeSel_P5_MexCal_S1_1_BLK3repl_1989","AgeSel_P5_MexCal_S1_1_BLK3repl_1991","AgeSel_P5_MexCal_S1_1_BLK3repl_1993","AgeSel_P5_MexCal_S1_1_BLK3repl_1995","AgeSel_P5_MexCal_S1_1_BLK3repl_1997","AgeSel_P5_MexCal_S1_1_BLK3repl_1999","AgeSel_P5_MexCal_S1_1_BLK3repl_2001","AgeSel_P5_MexCal_S1_1_BLK3repl_2003","AgeSel_P5_MexCal_S1_1_BLK3repl_2005","AgeSel_P5_MexCal_S1_1_BLK3repl_2007","AgeSel_P5_MexCal_S1_1_BLK3repl_2009","AgeSel_P5_MexCal_S1_1_BLK3repl_2011","AgeSel_P5_MexCal_S1_1_BLK3repl_2013","AgeSel_P2_MexCal_S2_2_BLK7repl_1987","AgeSel_P2_MexCal_S2_2_BLK7repl_1989","AgeSel_P2_MexCal_S2_2_BLK7repl_1991","AgeSel_P2_MexCal_S2_2_BLK7repl_1993","AgeSel_P2_MexCal_S2_2_BLK7repl_1995","AgeSel_P2_MexCal_S2_2_BLK7repl_1997","AgeSel_P2_MexCal_S2_2_BLK7repl_1999","AgeSel_P2_MexCal_S2_2_BLK7repl_2001","AgeSel_P2_MexCal_S2_2_BLK7repl_2003","AgeSel_P2_MexCal_S2_2_BLK7repl_2005","AgeSel_P2_MexCal_S2_2_BLK7repl_2007","AgeSel_P2_MexCal_S2_2_BLK7repl_2009","AgeSel_P2_MexCal_S2_2_BLK7repl_2011","AgeSel_P2_MexCal_S2_2_BLK7repl_2013","AgeSel_P3_MexCal_S2_2_BLK7repl_1987","AgeSel_P3_MexCal_S2_2_BLK7repl_1989","AgeSel_P3_MexCal_S2_2_BLK7repl_1991","AgeSel_P3_MexCal_S2_2_BLK7repl_1993","AgeSel_P3_MexCal_S2_2_BLK7repl_1995","AgeSel_P3_MexCal_S2_2_BLK7repl_1997","AgeSel_P3_MexCal_S2_2_BLK7repl_1999","AgeSel_P3_MexCal_S2_2_BLK7repl_2001","AgeSel_P3_MexCal_S2_2_BLK7repl_2003","AgeSel_P3_MexCal_S2_2_BLK7repl_2005","AgeSel_P3_MexCal_S2_2_BLK7repl_2007","AgeSel_P3_MexCal_S2_2_BLK7repl_2009","AgeSel_P3_MexCal_S2_2_BLK7repl_2011","AgeSel_P3_MexCal_S2_2_BLK7repl_2013","AgeSel_P4_MexCal_S2_2_BLK7repl_1987","AgeSel_P4_MexCal_S2_2_BLK7repl_1989","AgeSel_P4_MexCal_S2_2_BLK7repl_1991","AgeSel_P4_MexCal_S2_2_BLK7repl_1993","AgeSel_P4_MexCal_S2_2_BLK7repl_1995","AgeSel_P4_MexCal_S2_2_BLK7repl_1997","AgeSel_P4_MexCal_S2_2_BLK7repl_1999","AgeSel_P4_MexCal_S2_2_BLK7repl_2001","AgeSel_P4_MexCal_S2_2_BLK7repl_2003","AgeSel_P4_MexCal_S2_2_BLK7repl_2005","AgeSel_P4_MexCal_S2_2_BLK7repl_2007","AgeSel_P4_MexCal_S2_2_BLK7repl_2009","AgeSel_P4_MexCal_S2_2_BLK7repl_2011","AgeSel_P4_MexCal_S2_2_BLK7repl_2013","Age_inflection_PNW_3_BLK4repl_1999","Age_inflection_PNW_3_BLK4repl_2001","Age_inflection_PNW_3_BLK4repl_2003","Age_inflection_PNW_3_BLK4repl_2005","Age_inflection_PNW_3_BLK4repl_2007","Age_inflection_PNW_3_BLK4repl_2009","Age_inflection_PNW_3_BLK4repl_2011","Age_inflection_PNW_3_BLK4repl_2013","AgeSel_P2_AT_Survey_4_BLK2repl_2012","AgeSel_P2_AT_Survey_4_BLK2repl_2013","AgeSel_P2_AT_Survey_4_BLK2repl_2014","AgeSel_P2_AT_Survey_4_BLK2repl_2015","AgeSel_P2_AT_Survey_4_BLK2repl_2016","AgeSel_P2_AT_Survey_4_BLK2repl_2017","AgeSel_P2_AT_Survey_4_BLK2repl_2018","AgeSel_P2_AT_Survey_4_BLK2repl_2019","dead.B.._1","dead.B.._2","dead.B.._3","NLL_TOTAL","NLL_Catch","NLL_Equil_catch","NLL_Survey","NLL_Length_comp","NLL_Age_comp","NLL_Recruitment","NLL_InitEQ_Regime","NLL_Forecast_Recruitment","NLL_Parm_priors","NLL_Parm_softbounds","NLL_Parm_devs","NLL_Crash_Pen","Curr_Var_Adj_lcomp_flt_1_MexCal_S1","Curr_Var_Adj_lcomp_flt_2_MexCal_S2","Curr_Var_Adj_lcomp_flt_3_PNW","Curr_Var_Adj_lcomp_flt_4_AT_Survey","Curr_Var_Adj_agecomp_flt_1_MexCal_S1","Curr_Var_Adj_agecomp_flt_2_MexCal_S2","Curr_Var_Adj_agecomp_flt_3_PNW","Curr_Var_Adj_agecomp_flt_4_AT_Survey","version","RunTime","model_run","hessian","Niterations","SR_regime_BLK1repl_2000","Early_InitAge_6","Early_InitAge_5","ForeRecr_2021","Impl_err_2021","LnQ_base_AT_Survey_4_BLK4repl_2015","ForeRecr_2022","Impl_err_2022","ForeRecr_2023","Impl_err_2023","ForeRecr_2024","Impl_err_2024","ForeRecr_2025","Impl_err_2025","ForeRecr_2020","Impl_err_2020","iteration","scenario"
377009,480986,464447,4785510,150804,0.4,0.600549,109114,150804,0.600549,109114,102418,0.27166,0.97347,121547,121547,NA,0.681161457684034,NA,"1976.1","1984.2","2016.9","2017.4","0.9365",NA,NA,NA,0.585,9.83064,22.656,0.572948,0.192832,0.0587026,7.5242e-06,3.2332,15.44,-0.89252,1,0,1,0.5,15.3811,1,1,0,0,-4.16801,1.17818e-09,0.120019,-0.584197,-0.486185,-2.3192,-1.67708,0,-2.13191,-0.488963,0.404186,-3.39207,-0.321076,-0.235934,0,0,42.8431,0,-1.83,-0.59,-0.311,13.3044,2.01244,0.498967,0.601905,8.5311,1.54978,1.86277,0.15251,-0.240608,-1.40066,-4.97539,1.99999,13.8644,1.25532,2.06212,-1.82942,1.56514,-1.54349,1.31991,-2.56666,9.51434,1.19608,0,2.28258,4.76235,5.24544,6.09891,4.55599,0.903284,6.28667,-2.57987,-0.787768,-3.99935,-3.43218,-1.11542,-2.10166,-2.75013,6.71489,3.60935,-3.87476,1.56186,1.10943,-0.474559,-0.351871,6.7938,0.565535,2.13153,0.141518,0.264469,-0.234224,-2.74685,-0.398951,1.06117,0.687202,0.845101,0.712442,-6.86301,-2.12153,1.45786,2.93969,2.08918,1.58502,1.32142,-1.27358,-1.27013,-0.317681,0.364204,-1.68513,-2.93021,-2.07692,0.39917,-0.915003,-0.949119,-4.78863,-1.36316,-2.10854,-1.57219,-8.50467,-2.50461,-0.644614,-0.669822,-1.87949,-1.49599,1.67806,-0.775292,-8.75272,-1.92346,1.85294,3.67421,1.72572,0.721242,1.57778,-0.373436,-0.0213933,-0.839101,-1.67373,0.997468,-0.957629,-0.494192,-0.510217,-3.29946,1.32374,1.05238,-0.682902,-0.709018,-0.853175,0.106119,-0.355688,-1.19182,-0.1681,-2.07411,-0.987953,-1.87162,-7.69013,0.469761,0.178982,1.18743,2.7032,3.07152,-0.274552,-0.376233,0.246619,-1.52082,-1.76393,0.567138,-0.427158,-0.276065,6.2036,0.666107,-0.813427,2.79797,2.79642,2.09455,2.74989,3.49808,3.88134,2.79838,3.02513,6.93648,7.62974,2.75115,0,7.98167,0,1.88302,10.3459,0,0.108393,3.17005e-06,3140.81,5.27346,0,73.3091,1689.02,1324.28,40.3586,0,8.30619,0,0.0210899,0,0,1,1,1,1,1,1,1,1,"3.30.16.00;_2020_09_03;_safe;_Stock_Synthesis_by_Richard_Methot_(NOAA)_using_ADMB_12.2",0,"constGrowth_test2_OM",FALSE,1,NA,NA,NA,NA,NA,NA,NA,NA,NA,NA,NA,NA,NA,NA,NA,NA,"1","constGrowth_compNsamp"
297994,370255,357591,3453920,119198,0.55,0.268514,37680.3,59598.8,0.488268,33830.7,102567,0.508143,0.316985,38162.9,38162.9,NA,0.0692255548769438,1.37186066136811,"1990.4","1996.3","2017.9","2019","0.929",NA,NA,NA,0.585,9.04806,22.8147,0.662854,0.231527,0.0498698,7.5242e-06,3.2332,15.44,-0.89252,1,0,1,0.5,15.055,0.5,1,0,0,NA,0.760408,1.54473,1.85501,0.658832,NA,NA,-2.64114,0,NA,NA,NA,NA,NA,NA,NA,0.0503618,0,-1.83,-0.59,NA,12.8156,1.87414,0.500011,-2.70527,-0.663551,-0.389888,-0.783678,0.276884,-0.149369,-3.89191,-0.243509,1.99999,0.0448474,-1.48309,-0.186181,-1.60126,1.48192,-1.02748,0.253867,-7.23471,2.73617,1.56555,0,0.000193658,NA,NA,NA,NA,NA,NA,NA,NA,NA,NA,NA,NA,NA,NA,NA,NA,NA,NA,NA,NA,NA,NA,NA,NA,NA,NA,NA,NA,NA,NA,NA,NA,NA,NA,NA,NA,NA,NA,NA,NA,NA,NA,NA,NA,NA,NA,NA,NA,NA,NA,NA,NA,NA,NA,NA,NA,NA,NA,NA,NA,NA,NA,NA,NA,NA,NA,NA,NA,NA,NA,NA,NA,NA,NA,NA,NA,NA,NA,NA,NA,NA,NA,NA,NA,NA,NA,NA,NA,NA,NA,NA,NA,NA,NA,NA,NA,NA,NA,NA,NA,NA,NA,NA,NA,NA,NA,NA,NA,NA,NA,NA,NA,NA,NA,7.25953,7.53739,0.198256,0,8.17409,0,0.715504,1.54482,0,952.57,0.110749,1237.05,1.2788,0,-19.4993,813.781,417.519,20.4621,0,3.48781,0,0.0179231,0,0,1,1,1,1,1,1,1,1,"3.30.16.00;_2020_09_03;_safe;_Stock_Synthesis_by_Richard_Methot_(NOAA)_using_ADMB_12.2",2.35,"constGrowthOMfixedParamsEM_EM_2020",FALSE,1481,0.748641,-0.0957087,0.44668,0,0,-0.311,NA,NA,NA,NA,NA,NA,NA,NA,NA,NA,"1","constGrowth_compNsamp"
146326,206912,194721,2468300,118980,0.859837,0.0766227,12150.2,118980,0.0766227,12150.2,88623.4,0.704243,0.197166,22783.4,22783.4,NA,0.537121222475842,2.72341640914002,"1990.4","1996.3","2017.9","2019","0.929",NA,NA,NA,0.585,4.3362,21.0292,0.825563,0.427253,0.0620605,7.5242e-06,3.2332,15.44,-0.89252,1,0,1,0.5,14.719,0.5,1,0,0,NA,4.64897,4.81187,3.87588,4.22627,NA,NA,1.91856,-0.398816,0,NA,NA,NA,NA,NA,NA,8.01855,0,-1.83,-0.59,NA,11.6787,2.27983,0.500064,-4.6599,1.33695,3.33169,-5.03523,-1.99417,0.507889,-7.55423,-5.06554,1.99999,-1.61514,1.61446,-0.282671,-4.10308,4.38642,-0.994264,-6.4714,-4.86951,8.39724,0.913303,0,3.31468,NA,NA,NA,NA,NA,NA,NA,NA,NA,NA,NA,NA,NA,NA,NA,NA,NA,NA,NA,NA,NA,NA,NA,NA,NA,NA,NA,NA,NA,NA,NA,NA,NA,NA,NA,NA,NA,NA,NA,NA,NA,NA,NA,NA,NA,NA,NA,NA,NA,NA,NA,NA,NA,NA,NA,NA,NA,NA,NA,NA,NA,NA,NA,NA,NA,NA,NA,NA,NA,NA,NA,NA,NA,NA,NA,NA,NA,NA,NA,NA,NA,NA,NA,NA,NA,NA,NA,NA,NA,NA,NA,NA,NA,NA,NA,NA,NA,NA,NA,NA,NA,NA,NA,NA,NA,NA,NA,NA,NA,NA,NA,NA,NA,NA,6.69292,7.37121,3.89871,0,3.38571,0,1.79986,10.3701,0,0.210608,1.03981e-05,23920.4,13774.5,0,397.169,3836.98,5802.19,107.62,0,1.91995,0,0.00758734,0,0,1,1,1,1,1,1,1,1,"3.30.16.00;_2020_09_03;_safe;_Stock_Synthesis_by_Richard_Methot_(NOAA)_using_ADMB_12.2",0.616666666666667,"constGrowthOMfixedParamsEM_EM_2021",FALSE,399,-0.257802,-1.7001,-1.09271,NA,NA,-0.311,0,0,NA,NA,NA,NA,NA,NA,NA,NA,"1","constGrowth_compNsamp"
159430,214966,206808,2375020,63771.9,0.55,0.309732,25705.2,31886,0.53988,22519.9,56717.4,0.516813,0.350874,25913.4,25913.4,NA,0.0969936649313178,2.8108631473735,"1990.4","1996.3","2017.9","2019","0.929",NA,NA,NA,0.585,8.03272,22.874,0.557347,0.18881,0.0635895,7.5242e-06,3.2332,15.44,-0.89252,1,0,1,0.5,14.6805,0.5,1,0,0,NA,4.93881,4.97345,4.63887,-1.07224,NA,NA,0.550174,0.262818,0.102185,0,NA,NA,NA,NA,NA,2.10679,0,-1.83,-0.59,NA,13.0041,0.967791,0.500064,-5.28272,3.80605,1.47691,-7.60473,-2.81336,-0.892462,-1.62683,-5.00852,1.99999,-1.23832,1.38703,-0.403258,-0.639822,0.916885,-5.36887,1.25301,-4.32519,8.30191,1.07608,0,1.63011,NA,NA,NA,NA,NA,NA,NA,NA,NA,NA,NA,NA,NA,NA,NA,NA,NA,NA,NA,NA,NA,NA,NA,NA,NA,NA,NA,NA,NA,NA,NA,NA,NA,NA,NA,NA,NA,NA,NA,NA,NA,NA,NA,NA,NA,NA,NA,NA,NA,NA,NA,NA,NA,NA,NA,NA,NA,NA,NA,NA,NA,NA,NA,NA,NA,NA,NA,NA,NA,NA,NA,NA,NA,NA,NA,NA,NA,NA,NA,NA,NA,NA,NA,NA,NA,NA,NA,NA,NA,NA,NA,NA,NA,NA,NA,NA,NA,NA,NA,NA,NA,NA,NA,NA,NA,NA,NA,NA,NA,NA,NA,NA,NA,NA,6.69304,7.37135,4.90238,0,2.86425,0,1.69949,10.3704,0,12193.4,0.905442,22651.6,11993.7,0,371.513,4050.11,6128.68,107.35,0,0.191103,0,0.00796981,0,0,1,1,1,1,1,1,1,1,"3.30.16.00;_2020_09_03;_safe;_Stock_Synthesis_by_Richard_Methot_(NOAA)_using_ADMB_12.2",0.583333333333333,"constGrowthOMfixedParamsEM_EM_2022",FALSE,367,-0.879029,0.747325,-0.359844,NA,NA,-0.311,NA,NA,0,0,NA,NA,NA,NA,NA,NA,"1","constGrowth_compNsamp"
335328,416714,402210,3902400,134131,0.55,0.272086,42996.7,67065.5,0.493251,38531.3,115762,0.508915,0.319994,43526.4,43526.4,NA,0.0438704790533448,1.21109591626991,"1990.4","1996.3","2017.9","2019","0.929",NA,NA,NA,0.585,8.8814,22.8458,0.662476,0.240277,0.0489243,7.5242e-06,3.2332,15.44,-0.89252,1,0,1,0.5,15.1771,0.5,1,0,0,NA,0.812156,1.534,1.87242,0.565198,NA,NA,-1.25544,-3.73701,-3.51798,-3.58585,0,NA,NA,NA,NA,0.438677,0,-1.83,-0.59,NA,12.9129,1.88475,0.500018,-2.89872,-0.631052,-0.14072,-0.078275,-0.638648,0.0840892,-3.74652,-0.35194,1.99999,-0.0468088,-1.35323,0.0833478,-1.77699,1.3454,-1.02361,-0.373168,-6.52219,3.0375,1.77829,0,0.000114131,NA,NA,NA,NA,NA,NA,NA,NA,NA,NA,NA,NA,NA,NA,NA,NA,NA,NA,NA,NA,NA,NA,NA,NA,NA,NA,NA,NA,NA,NA,NA,NA,NA,NA,NA,NA,NA,NA,NA,NA,NA,NA,NA,NA,NA,NA,NA,NA,NA,NA,NA,NA,NA,NA,NA,NA,NA,NA,NA,NA,NA,NA,NA,NA,NA,NA,NA,NA,NA,NA,NA,NA,NA,NA,NA,NA,NA,NA,NA,NA,NA,NA,NA,NA,NA,NA,NA,NA,NA,NA,NA,NA,NA,NA,NA,NA,NA,NA,NA,NA,NA,NA,NA,NA,NA,NA,NA,NA,NA,NA,NA,NA,NA,NA,7.39801,7.71782,0.625718,0,8.02578,0,1.01217,2.88851,0,0.344003,7.41e-05,1569.97,1.39456,0,11.8775,969.321,550.262,16.7087,0,20.3879,0,0.0161083,0,0,1,1,1,1,1,1,1,1,"3.30.16.00;_2020_09_03;_safe;_Stock_Synthesis_by_Richard_Methot_(NOAA)_using_ADMB_12.2",3.28333333333333,"constGrowthOMfixedParamsEM_EM_2023",FALSE,1992,1.47795,-0.0797367,0.413963,NA,NA,-0.311,NA,NA,NA,NA,0,0,NA,NA,NA,NA,"1","constGrowth_compNsamp"
349882,430312,415800,3984160,139953,0.55,0.272871,44457.2,69976.4,0.494459,39757.6,121170,0.509738,0.319845,44982.5,44982.5,NA,0.0437450340400478,1.2048284505972,"1990.4","1996.3","2017.9","2019","0.929",NA,NA,NA,0.585,9.00328,22.8536,0.671163,0.228207,0.0491037,7.5242e-06,3.2332,15.44,-0.89252,1,0,1,0.5,15.1978,0.5,1,0,0,NA,0.775057,1.53528,1.88686,0.508745,NA,NA,-1.01404,-3.46761,-3.33032,-3.06719,-3.35761,0,NA,NA,NA,0.553396,0,-1.83,-0.59,NA,12.887,1.85317,0.500004,-2.98605,-0.568454,-0.246392,0.288641,-0.316977,-0.671004,-2.84021,-1.05217,1.99999,-0.00868184,-1.29574,0.10611,-1.59359,1.37073,-1.3134,-0.192691,-6.37577,3.22473,1.88544,0,0.000140248,NA,NA,NA,NA,NA,NA,NA,NA,NA,NA,NA,NA,NA,NA,NA,NA,NA,NA,NA,NA,NA,NA,NA,NA,NA,NA,NA,NA,NA,NA,NA,NA,NA,NA,NA,NA,NA,NA,NA,NA,NA,NA,NA,NA,NA,NA,NA,NA,NA,NA,NA,NA,NA,NA,NA,NA,NA,NA,NA,NA,NA,NA,NA,NA,NA,NA,NA,NA,NA,NA,NA,NA,NA,NA,NA,NA,NA,NA,NA,NA,NA,NA,NA,NA,NA,NA,NA,NA,NA,NA,NA,NA,NA,NA,NA,NA,NA,NA,NA,NA,NA,NA,NA,NA,NA,NA,NA,NA,NA,NA,NA,NA,NA,NA,7.34234,7.70515,0.593326,0,8.04268,0,0.503957,2.3898,0,0.0924686,6.55606e-06,1655.44,1.4298,0,24.3905,1030.23,560.412,16.5527,0,22.4124,0,0.0166758,0,0,1,1,1,1,1,1,1,1,"3.30.16.00;_2020_09_03;_safe;_Stock_Synthesis_by_Richard_Methot_(NOAA)_using_ADMB_12.2",2.63333333333333,"constGrowthOMfixedParamsEM_EM_2024",FALSE,1529,1.73747,-0.0646121,0.441992,NA,NA,-0.311,NA,NA,NA,NA,NA,NA,0,0,NA,NA,"1","constGrowth_compNsamp"
338287,420508,406239,3909590,135315,0.55,0.266901,42608.6,67657.3,0.485019,38265.8,116383,0.508027,0.315181,43157.6,43157.6,NA,0.111296620916559,1.30838185672125,"1990.4","1996.3","2017.9","2019","0.929",NA,NA,NA,0.585,9.21879,22.8437,0.653159,0.228603,0.0493788,7.5242e-06,3.2332,15.44,-0.89252,1,0,1,0.5,15.1789,0.5,1,0,0,NA,0.772925,1.50011,1.8161,0.56181,NA,NA,0,NA,NA,NA,NA,NA,NA,NA,NA,0.110732,0,-1.83,-0.59,NA,12.7447,1.8912,0.500122,-2.47801,-0.663521,-0.78214,-0.310588,-0.522591,-0.013854,-1.91585,-2.11643,1.99999,0.121194,-1.44195,-0.393967,-1.36897,1.30656,-0.81117,0.258928,-3.18709,2.66419,1.51379,0,0.00079334,NA,NA,NA,NA,NA,NA,NA,NA,NA,NA,NA,NA,NA,NA,NA,NA,NA,NA,NA,NA,NA,NA,NA,NA,NA,NA,NA,NA,NA,NA,NA,NA,NA,NA,NA,NA,NA,NA,NA,NA,NA,NA,NA,NA,NA,NA,NA,NA,NA,NA,NA,NA,NA,NA,NA,NA,NA,NA,NA,NA,NA,NA,NA,NA,NA,NA,NA,NA,NA,NA,NA,NA,NA,NA,NA,NA,NA,NA,NA,NA,NA,NA,NA,NA,NA,NA,NA,NA,NA,NA,NA,NA,NA,NA,NA,NA,NA,NA,NA,NA,NA,NA,NA,NA,NA,NA,NA,NA,NA,NA,NA,NA,NA,NA,7.1653,7.5254,0.201928,0,8.29701,0,0.954584,3.17132,0,11819.4,2.51,1122.53,1.26328,0,-22.4079,763.754,361.159,18.743,0,0,0,0.0153633,0,0,1,1,1,1,1,1,1,1,"3.30.16.00;_2020_09_03;_safe;_Stock_Synthesis_by_Richard_Methot_(NOAA)_using_ADMB_12.2",1.95,"constGrowthOMfixedParamsEM_EM_init",FALSE,1256,1.28367,-0.101199,0.447919,NA,NA,-0.311,NA,NA,NA,NA,NA,NA,NA,NA,0,0,"1","constGrowth_compNsamp"
377009,480986,464447,4785510,150804,0.4,0.600549,109114,150804,0.600549,109114,102418,0.27166,0.97347,121547,121547,NA,0.609181743671902,NA,"1976.1","1984.2","2016.9","2017.4","0.9365",NA,NA,NA,0.585,9.83064,22.656,0.572948,0.192832,0.0587026,7.5242e-06,3.2332,15.44,-0.89252,1,0,1,0.5,15.3811,1,1,0,0,-4.16801,1.17818e-09,0.120019,-0.584197,-0.486185,-2.3192,-1.67708,0,-0.353949,-0.165533,-0.284986,-2.46747,0.299936,-3.19376,0,0,42.8431,0,-1.83,-0.59,-0.311,13.3044,2.01244,0.498967,0.601905,8.5311,1.54978,1.86277,0.15251,-0.240608,-1.40066,-4.97539,1.99999,13.8644,1.25532,2.06212,-1.82942,1.56514,-1.54349,1.31991,-2.56666,9.51434,1.19608,0,2.28258,4.76235,5.24544,6.09891,4.55599,0.903284,6.28667,-2.57987,-0.787768,-3.99935,-3.43218,-1.11542,-2.10166,-2.75013,6.71489,3.60935,-3.87476,1.56186,1.10943,-0.474559,-0.351871,6.7938,0.565535,2.13153,0.141518,0.264469,-0.234224,-2.74685,-0.398951,1.06117,0.687202,0.845101,0.712442,-6.86301,-2.12153,1.45786,2.93969,2.08918,1.58502,1.32142,-1.27358,-1.27013,-0.317681,0.364204,-1.68513,-2.93021,-2.07692,0.39917,-0.915003,-0.949119,-4.78863,-1.36316,-2.10854,-1.57219,-8.50467,-2.50461,-0.644614,-0.669822,-1.87949,-1.49599,1.67806,-0.775292,-8.75272,-1.92346,1.85294,3.67421,1.72572,0.721242,1.57778,-0.373436,-0.0213933,-0.839101,-1.67373,0.997468,-0.957629,-0.494192,-0.510217,-3.29946,1.32374,1.05238,-0.682902,-0.709018,-0.853175,0.106119,-0.355688,-1.19182,-0.1681,-2.07411,-0.987953,-1.87162,-7.69013,0.469761,0.178982,1.18743,2.7032,3.07152,-0.274552,-0.376233,0.246619,-1.52082,-1.76393,0.567138,-0.427158,-0.276065,6.2036,0.666107,-0.813427,2.79797,2.79642,2.09455,2.74989,3.49808,3.88134,2.79838,3.02513,6.93648,7.62974,2.75115,0,7.98167,0,1.88302,10.3459,0,0.331514,5.44523e-06,8633.69,5498.15,0,73.3091,1689.02,1324.28,40.3586,0,8.30619,0,0.0210899,0,0,1,1,1,1,1,1,1,1,"3.30.16.00;_2020_09_03;_safe;_Stock_Synthesis_by_Richard_Methot_(NOAA)_using_ADMB_12.2",0.0166666666666667,"constGrowth_test2_OM",FALSE,1,NA,NA,NA,NA,NA,NA,NA,NA,NA,NA,NA,NA,NA,NA,NA,NA,"2","constGrowth_compNsamp"
177097,243223,234700,2380000,70839,0.55,1.12107,60801.6,68932.5,1.15276,60520.3,72477,0.556937,1.09066,60882.4,60882.4,NA,2.71189799940146,2.20188729088432,"1990.4","1996.3","2017.9","2019","0.929",NA,NA,NA,0.585,15.1605,24.0051,0.0939845,0.216278,0.0569768,7.5242e-06,3.2332,15.44,-0.89252,1,0,1,0.5,14.6826,0.5,1,0,0,NA,4.98693,4.76548,-3.4323,4.11935,NA,NA,2.76713,0,NA,NA,NA,NA,NA,NA,NA,10.3311,0,-1.83,-0.59,NA,15.0148,5.35439,0.500064,-6.70104,7.08641,-1.49461,-5.02115,-9.29583,-7.06002,-2.58991,-5.01504,1.99999,4.70541,-2.75501,2.30843,-7.18921,7.02802,0.411339,0.196422,-2.32859,8.10045,3.58324,0,1.80333,NA,NA,NA,NA,NA,NA,NA,NA,NA,NA,NA,NA,NA,NA,NA,NA,NA,NA,NA,NA,NA,NA,NA,NA,NA,NA,NA,NA,NA,NA,NA,NA,NA,NA,NA,NA,NA,NA,NA,NA,NA,NA,NA,NA,NA,NA,NA,NA,NA,NA,NA,NA,NA,NA,NA,NA,NA,NA,NA,NA,NA,NA,NA,NA,NA,NA,NA,NA,NA,NA,NA,NA,NA,NA,NA,NA,NA,NA,NA,NA,NA,NA,NA,NA,NA,NA,NA,NA,NA,NA,NA,NA,NA,NA,NA,NA,NA,NA,NA,NA,NA,NA,NA,NA,NA,NA,NA,NA,NA,NA,NA,NA,NA,NA,6.70378,7.37597,3.65859,0,3.92802,0,0.0410342,10.3694,0,15812.1,91.9168,13170.9,6056.63,0,151.898,2492.72,4372.8,93.0228,0,3.82851,0,0.0133234,0,0,1,1,1,1,1,1,1,1,"3.30.16.00;_2020_09_03;_safe;_Stock_Synthesis_by_Richard_Methot_(NOAA)_using_ADMB_12.2",0.716666666666667,"constGrowthOMfixedParamsEM_EM_2020",FALSE,468,-2.38473,3.74555,-2.90139,0,0,-0.311,NA,NA,NA,NA,NA,NA,NA,NA,NA,NA,"2","constGrowth_compNsamp"
366519,452945,438286,4116550,146608,0.55,0.265944,46392.9,73303.9,0.478687,41673,126056,0.507945,0.313481,46993,46993,NA,0.146963186083123,1.17464765512552,"1990.4","1996.3","2017.9","2019","0.929",NA,NA,NA,0.585,9.95769,23.0328,0.612542,0.212592,0.0492308,7.5242e-06,3.2332,15.44,-0.89252,1,0,1,0.5,15.2305,0.5,1,0,0,NA,0.570074,1.41428,1.71329,0.541098,NA,NA,-0.835162,-1.98383,0,NA,NA,NA,NA,NA,NA,0.408766,0,-1.83,-0.59,NA,12.5737,1.3129,0.499985,-2.44567,-0.50356,-0.642437,-0.924719,1.18618,-1.38899,-1.28588,-3.56584,1.99999,0.618826,-1.39276,-0.243564,-1.55422,1.48004,-1.21269,0.242875,-6.18963,2.93936,1.69218,0,0.262688,NA,NA,NA,NA,NA,NA,NA,NA,NA,NA,NA,NA,NA,NA,NA,NA,NA,NA,NA,NA,NA,NA,NA,NA,NA,NA,NA,NA,NA,NA,NA,NA,NA,NA,NA,NA,NA,NA,NA,NA,NA,NA,NA,NA,NA,NA,NA,NA,NA,NA,NA,NA,NA,NA,NA,NA,NA,NA,NA,NA,NA,NA,NA,NA,NA,NA,NA,NA,NA,NA,NA,NA,NA,NA,NA,NA,NA,NA,NA,NA,NA,NA,NA,NA,NA,NA,NA,NA,NA,NA,NA,NA,NA,NA,NA,NA,NA,NA,NA,NA,NA,NA,NA,NA,NA,NA,NA,NA,NA,NA,NA,NA,NA,NA,7.23006,7.90827,1.34386,0,8.01082,0,0.00214246,9.77679,0,29547.4,5.0808,1297.86,0.47296,0,-15.2094,893.833,401.171,15.2623,0,2.31654,0,0.0153086,0,0,1,1,1,1,1,1,1,1,"3.30.16.00;_2020_09_03;_safe;_Stock_Synthesis_by_Richard_Methot_(NOAA)_using_ADMB_12.2",2.73333333333333,"constGrowthOMfixedParamsEM_EM_2021",FALSE,1697,2.44759,-0.0869743,0.356811,NA,NA,-0.311,0,0,NA,NA,NA,NA,NA,NA,NA,NA,"2","constGrowth_compNsamp"
367945,457633,442789,4184490,147178,0.55,0.270537,47288.1,73589,0.490073,42477.9,126544,0.507941,0.319355,47899.8,47899.8,NA,0.100662599029746,1.15582958566815,"1990.4","1996.3","2017.9","2019","0.929",NA,NA,NA,0.585,9.92138,23.0437,0.607408,0.210119,0.0499267,7.5242e-06,3.2332,15.44,-0.89252,1,0,1,0.5,15.2469,0.5,1,0,0,NA,0.617404,1.42557,1.72725,0.533049,NA,NA,-0.375921,-3.0788,-2.86465,0,NA,NA,NA,NA,NA,0.502058,0,-1.83,-0.59,NA,12.5998,1.3108,0.500016,-2.58567,-0.496634,-0.362019,-1.12107,1.10307,-1.34965,-1.7608,-2.77278,1.99999,0.60762,-1.35373,-0.136581,-1.66159,1.39629,-1.2233,0.0156857,-6.26646,3.02783,1.73618,0,0.119967,NA,NA,NA,NA,NA,NA,NA,NA,NA,NA,NA,NA,NA,NA,NA,NA,NA,NA,NA,NA,NA,NA,NA,NA,NA,NA,NA,NA,NA,NA,NA,NA,NA,NA,NA,NA,NA,NA,NA,NA,NA,NA,NA,NA,NA,NA,NA,NA,NA,NA,NA,NA,NA,NA,NA,NA,NA,NA,NA,NA,NA,NA,NA,NA,NA,NA,NA,NA,NA,NA,NA,NA,NA,NA,NA,NA,NA,NA,NA,NA,NA,NA,NA,NA,NA,NA,NA,NA,NA,NA,NA,NA,NA,NA,NA,NA,NA,NA,NA,NA,NA,NA,NA,NA,NA,NA,NA,NA,NA,NA,NA,NA,NA,NA,7.3069,7.96635,1.50781,0,7.94397,0,0.00117138,9.90239,0,0.701263,8.50359e-05,1451.94,0.475508,0,-7.50833,949.048,486.062,14.9285,0,8.91327,0,0.016635,0,0,1,1,1,1,1,1,1,1,"3.30.16.00;_2020_09_03;_safe;_Stock_Synthesis_by_Richard_Methot_(NOAA)_using_ADMB_12.2",2.45,"constGrowthOMfixedParamsEM_EM_2022",FALSE,1501,2.57255,-0.0903232,0.347777,NA,NA,-0.311,NA,NA,0,0,NA,NA,NA,NA,NA,NA,"2","constGrowth_compNsamp"
372924,461039,445958,4212450,149169,0.55,0.273143,47892.7,74584.7,0.496289,43022.9,128254,0.507936,0.322655,48512.2,48512.2,NA,0.0903575527453315,1.15919830614986,"1990.4","1996.3","2017.9","2019","0.929",NA,NA,NA,0.585,9.78425,23.0368,0.616854,0.216099,0.0485107,7.5242e-06,3.2332,15.44,-0.89252,1,0,1,0.5,15.2536,0.5,1,0,0,NA,0.611462,1.42697,1.73762,0.520223,NA,NA,-0.24176,-3.11269,-3.18047,-3.03202,0,NA,NA,NA,NA,0.587582,0,-1.83,-0.59,NA,12.6567,1.33018,0.500038,-2.68518,-0.500525,-0.373185,-0.400883,0.461647,-1.65491,-1.20501,-3.50535,1.99999,0.54881,-1.3549,-0.0203,-1.79814,1.43399,-1.38589,0.201253,-6.51694,3.16094,1.83762,0,0.045252,NA,NA,NA,NA,NA,NA,NA,NA,NA,NA,NA,NA,NA,NA,NA,NA,NA,NA,NA,NA,NA,NA,NA,NA,NA,NA,NA,NA,NA,NA,NA,NA,NA,NA,NA,NA,NA,NA,NA,NA,NA,NA,NA,NA,NA,NA,NA,NA,NA,NA,NA,NA,NA,NA,NA,NA,NA,NA,NA,NA,NA,NA,NA,NA,NA,NA,NA,NA,NA,NA,NA,NA,NA,NA,NA,NA,NA,NA,NA,NA,NA,NA,NA,NA,NA,NA,NA,NA,NA,NA,NA,NA,NA,NA,NA,NA,NA,NA,NA,NA,NA,NA,NA,NA,NA,NA,NA,NA,NA,NA,NA,NA,NA,NA,7.31476,8.00566,1.62356,0,7.90466,0,0.000922465,9.94248,0,0.577378,4.44782e-05,1510.84,0.46801,0,1.44825,1003.83,475.537,15.0097,0,14.5279,0,0.0178538,0,0,1,1,1,1,1,1,1,1,"3.30.16.00;_2020_09_03;_safe;_Stock_Synthesis_by_Richard_Methot_(NOAA)_using_ADMB_12.2",2.48333333333333,"constGrowthOMfixedParamsEM_EM_2023",FALSE,1504,2.69765,-0.0870426,0.352798,NA,NA,-0.311,NA,NA,NA,NA,0,0,NA,NA,NA,NA,"2","constGrowth_compNsamp"
378358,468110,452905,4280890,151343,0.55,0.275273,48899,75671.7,0.500029,43845.9,130495,0.508674,0.324198,49508.7,49508.7,NA,0.0793135073131796,1.15676674269478,"1990.4","1996.3","2017.9","2019","0.929",NA,NA,NA,0.585,9.76444,23.0055,0.622159,0.21092,0.0496781,7.5242e-06,3.2332,15.44,-0.89252,1,0,1,0.5,15.2697,0.5,1,0,0,NA,0.616468,1.43391,1.74715,0.500652,NA,NA,-0.208777,-2.42657,-2.80988,-3.20898,-3.27408,0,NA,NA,NA,0.679363,0,-1.83,-0.59,NA,12.6584,1.31326,0.499997,-2.82827,-0.48836,-0.314695,-0.1763,0.476744,-1.67117,-1.63806,-3.02655,1.99999,0.524558,-1.30261,0.0986737,-1.96459,1.68104,-1.77542,0.51395,-6.95199,3.2864,1.90758,0,0.049833,NA,NA,NA,NA,NA,NA,NA,NA,NA,NA,NA,NA,NA,NA,NA,NA,NA,NA,NA,NA,NA,NA,NA,NA,NA,NA,NA,NA,NA,NA,NA,NA,NA,NA,NA,NA,NA,NA,NA,NA,NA,NA,NA,NA,NA,NA,NA,NA,NA,NA,NA,NA,NA,NA,NA,NA,NA,NA,NA,NA,NA,NA,NA,NA,NA,NA,NA,NA,NA,NA,NA,NA,NA,NA,NA,NA,NA,NA,NA,NA,NA,NA,NA,NA,NA,NA,NA,NA,NA,NA,NA,NA,NA,NA,NA,NA,NA,NA,NA,NA,NA,NA,NA,NA,NA,NA,NA,NA,NA,NA,NA,NA,NA,NA,7.34088,8.02957,1.66484,0,7.91094,0,0.000711061,9.94916,0,0.422379,1.5846e-05,1615.03,0.489169,0,9.31374,1054.97,517.839,14.9785,0,17.4222,0,0.0181167,0,0,1,1,1,1,1,1,1,1,"3.30.16.00;_2020_09_03;_safe;_Stock_Synthesis_by_Richard_Methot_(NOAA)_using_ADMB_12.2",2.55,"constGrowthOMfixedParamsEM_EM_2024",FALSE,1499,2.86814,-0.0649671,0.357121,NA,NA,-0.311,NA,NA,NA,NA,NA,NA,0,0,NA,NA,"2","constGrowth_compNsamp"
70523.4,103103,98475,979408,28209.4,0.55,1.48157,28061.8,17686.9,3.37151,25359.3,29170.4,0.56022,1.39354,28078.3,28078.3,NA,16.1995876545941,3.2484912279116,"1990.4","1996.3","2017.9","2019","0.929",NA,NA,NA,0.585,14.884,18.4213,0.148994,0.395681,0.0118773,7.5242e-06,3.2332,15.44,-0.89252,1,0,1,0.5,13.7947,0.5,1,0,0,NA,1.28371,3.70064,3.84703,-1.57147,NA,NA,0,NA,NA,NA,NA,NA,NA,NA,NA,4.50183,0,-1.83,-0.59,NA,11.1587,2.56865,0.500064,-1.12695,2.02859,2.41121,-3.8301,-5.69934,8.10613,-8.46272,-4.73234,1.99999,0.496447,0.637324,1.22234,-7.86309,4.4771,3.38582,-9.65941,-8.19902,5.85442,3.19889,0,0.816685,NA,NA,NA,NA,NA,NA,NA,NA,NA,NA,NA,NA,NA,NA,NA,NA,NA,NA,NA,NA,NA,NA,NA,NA,NA,NA,NA,NA,NA,NA,NA,NA,NA,NA,NA,NA,NA,NA,NA,NA,NA,NA,NA,NA,NA,NA,NA,NA,NA,NA,NA,NA,NA,NA,NA,NA,NA,NA,NA,NA,NA,NA,NA,NA,NA,NA,NA,NA,NA,NA,NA,NA,NA,NA,NA,NA,NA,NA,NA,NA,NA,NA,NA,NA,NA,NA,NA,NA,NA,NA,NA,NA,NA,NA,NA,NA,NA,NA,NA,NA,NA,NA,NA,NA,NA,NA,NA,NA,NA,NA,NA,NA,NA,NA,6.69273,7.37242,4.85616,0,3.90711,0,3.37835,10.4012,0,3713.58,3.98601,10395.6,5361.39,0,133.941,2365.84,2417.43,116.949,0,0,0,0.0123424,0,0,1,1,1,1,1,1,1,1,"3.30.16.00;_2020_09_03;_safe;_Stock_Synthesis_by_Richard_Methot_(NOAA)_using_ADMB_12.2",0.716666666666667,"constGrowthOMfixedParamsEM_EM_init",FALSE,449,-1.54871,2.80788,-1.8585,NA,NA,-0.311,NA,NA,NA,NA,NA,NA,NA,NA,0,0,"2","constGrowth_compNsamp"
377009,480986,464447,4785510,150804,0.4,0.600549,109114,150804,0.600549,109114,102418,0.27166,0.97347,121547,121547,NA,1.47106832993377,NA,"1976.1","1984.2","2016.9","2017.4","0.9365",NA,NA,NA,0.585,9.83064,22.656,0.572948,0.192832,0.0587026,7.5242e-06,3.2332,15.44,-0.89252,1,0,1,0.5,15.3811,1,1,0,0,-4.16801,1.17818e-09,0.120019,-0.584197,-0.486185,-2.3192,-1.67708,0,-2.20166,-0.445773,1.42357,-0.810738,-1.64768,-2.48349,0,0,42.8431,0,-1.83,-0.59,-0.311,13.3044,2.01244,0.498967,0.601905,8.5311,1.54978,1.86277,0.15251,-0.240608,-1.40066,-4.97539,1.99999,13.8644,1.25532,2.06212,-1.82942,1.56514,-1.54349,1.31991,-2.56666,9.51434,1.19608,0,2.28258,4.76235,5.24544,6.09891,4.55599,0.903284,6.28667,-2.57987,-0.787768,-3.99935,-3.43218,-1.11542,-2.10166,-2.75013,6.71489,3.60935,-3.87476,1.56186,1.10943,-0.474559,-0.351871,6.7938,0.565535,2.13153,0.141518,0.264469,-0.234224,-2.74685,-0.398951,1.06117,0.687202,0.845101,0.712442,-6.86301,-2.12153,1.45786,2.93969,2.08918,1.58502,1.32142,-1.27358,-1.27013,-0.317681,0.364204,-1.68513,-2.93021,-2.07692,0.39917,-0.915003,-0.949119,-4.78863,-1.36316,-2.10854,-1.57219,-8.50467,-2.50461,-0.644614,-0.669822,-1.87949,-1.49599,1.67806,-0.775292,-8.75272,-1.92346,1.85294,3.67421,1.72572,0.721242,1.57778,-0.373436,-0.0213933,-0.839101,-1.67373,0.997468,-0.957629,-0.494192,-0.510217,-3.29946,1.32374,1.05238,-0.682902,-0.709018,-0.853175,0.106119,-0.355688,-1.19182,-0.1681,-2.07411,-0.987953,-1.87162,-7.69013,0.469761,0.178982,1.18743,2.7032,3.07152,-0.274552,-0.376233,0.246619,-1.52082,-1.76393,0.567138,-0.427158,-0.276065,6.2036,0.666107,-0.813427,2.79797,2.79642,2.09455,2.74989,3.49808,3.88134,2.79838,3.02513,6.93648,7.62974,2.75115,0,7.98167,0,1.88302,10.3459,0,0.188556,2.53528e-05,3141.7,6.16288,0,73.3091,1689.02,1324.28,40.3586,0,8.30619,0,0.0210899,0,0,1,1,1,1,1,1,1,1,"3.30.16.00;_2020_09_03;_safe;_Stock_Synthesis_by_Richard_Methot_(NOAA)_using_ADMB_12.2",0.0166666666666667,"constGrowth_test2_OM",FALSE,1,NA,NA,NA,NA,NA,NA,NA,NA,NA,NA,NA,NA,NA,NA,NA,NA,"3","constGrowth_compNsamp"
309284,385258,372226,3581060,123713,0.55,0.270325,39502.2,61856.7,0.492502,35535.2,106139,0.507382,0.320231,40027.2,40027.2,NA,0.0688189495738544,1.35151551827568,"1990.4","1996.3","2017.9","2019","0.929",NA,NA,NA,0.585,9.34066,22.8472,0.645105,0.226698,0.0505201,7.5242e-06,3.2332,15.44,-0.89252,1,0,1,0.5,15.0912,0.5,1,0,0,NA,0.736921,1.46687,1.83259,0.775463,NA,NA,-2.85314,0,NA,NA,NA,NA,NA,NA,NA,2.25475e-07,0,-1.83,-0.59,NA,12.8232,1.65613,0.49999,-2.84172,-0.553184,-0.738809,-0.156926,-0.0729581,-0.187343,-3.86493,-0.215626,1.99999,0.177945,-1.60813,-0.0708349,-1.60474,1.476,-1.10014,0.24674,-7.00034,2.68954,1.58638,0,0.000701653,NA,NA,NA,NA,NA,NA,NA,NA,NA,NA,NA,NA,NA,NA,NA,NA,NA,NA,NA,NA,NA,NA,NA,NA,NA,NA,NA,NA,NA,NA,NA,NA,NA,NA,NA,NA,NA,NA,NA,NA,NA,NA,NA,NA,NA,NA,NA,NA,NA,NA,NA,NA,NA,NA,NA,NA,NA,NA,NA,NA,NA,NA,NA,NA,NA,NA,NA,NA,NA,NA,NA,NA,NA,NA,NA,NA,NA,NA,NA,NA,NA,NA,NA,NA,NA,NA,NA,NA,NA,NA,NA,NA,NA,NA,NA,NA,NA,NA,NA,NA,NA,NA,NA,NA,NA,NA,NA,NA,NA,NA,NA,NA,NA,NA,7.23807,7.47385,1.17651,0,8.22576,0,0.915817,8.80861,0,3998.47,0.593515,1269.52,1.08996,0,-22.7734,848.654,418.6,19.8675,0,4.07021,0,0.0148094,0,0,1,1,1,1,1,1,1,1,"3.30.16.00;_2020_09_03;_safe;_Stock_Synthesis_by_Richard_Methot_(NOAA)_using_ADMB_12.2",2.6,"constGrowthOMfixedParamsEM_EM_2020",FALSE,1644,0.691101,-0.0581799,0.445364,0,0,-0.311,NA,NA,NA,NA,NA,NA,NA,NA,NA,NA,"3","constGrowth_compNsamp"
328685,409559,395599,3807500,131474,0.55,0.273082,42348.1,65737,0.497598,38064.3,112943,0.507716,0.323074,42901.7,42901.7,NA,0.0626390008670916,1.26057507848757,"1990.4","1996.3","2017.9","2019","0.929",NA,NA,NA,0.585,9.31658,22.8551,0.643883,0.231528,0.0502798,7.5242e-06,3.2332,15.44,-0.89252,1,0,1,0.5,15.1525,0.5,1,0,0,NA,0.717409,1.42856,1.80787,0.725327,NA,NA,-2.74948,-3.42521,0,NA,NA,NA,NA,NA,NA,0.110229,0,-1.83,-0.59,NA,12.8551,1.66217,0.500002,-2.92939,-0.517153,-0.672331,0.177507,-0.466865,0.314929,-7.13466,2.77945,1.99999,0.131758,-1.43878,-0.130068,-1.49828,1.32807,-1.33559,0.373035,-7.52745,2.77645,1.64691,0,0.00637488,NA,NA,NA,NA,NA,NA,NA,NA,NA,NA,NA,NA,NA,NA,NA,NA,NA,NA,NA,NA,NA,NA,NA,NA,NA,NA,NA,NA,NA,NA,NA,NA,NA,NA,NA,NA,NA,NA,NA,NA,NA,NA,NA,NA,NA,NA,NA,NA,NA,NA,NA,NA,NA,NA,NA,NA,NA,NA,NA,NA,NA,NA,NA,NA,NA,NA,NA,NA,NA,NA,NA,NA,NA,NA,NA,NA,NA,NA,NA,NA,NA,NA,NA,NA,NA,NA,NA,NA,NA,NA,NA,NA,NA,NA,NA,NA,NA,NA,NA,NA,NA,NA,NA,NA,NA,NA,NA,NA,NA,NA,NA,NA,NA,NA,7.29985,7.54759,1.26449,0,8.17219,0,0.843329,9.33475,0,0.204762,1.36544e-05,1382.52,1.01692,0,-13.0031,902.329,464.963,17.5567,0,9.64586,0,0.013697,0,0,1,1,1,1,1,1,1,1,"3.30.16.00;_2020_09_03;_safe;_Stock_Synthesis_by_Richard_Methot_(NOAA)_using_ADMB_12.2",2.58333333333333,"constGrowthOMfixedParamsEM_EM_2021",FALSE,1636,1.00851,-0.0852228,0.391514,NA,NA,-0.311,0,0,NA,NA,NA,NA,NA,NA,NA,NA,"3","constGrowth_compNsamp"
80883.7,101647,98097.1,1173260,32353.5,0.55,0.289477,11089.2,16176.7,0.512777,9704.39,28932,0.518274,0.326827,11169.8,11169.8,NA,0.0698674763889387,3.15151876836399,"1990.4","1996.3","2017.9","2019","0.929",NA,NA,NA,0.585,3.63204,21.4232,0.955883,0.098975,0.0511455,7.5242e-06,3.2332,15.44,-0.89252,1,0,1,0.5,13.9753,0.5,1,0,0,NA,4.6057,3.94919,4.88307,4.99551,NA,NA,-1.67538,-1.01858,-3.34551,0,NA,NA,NA,NA,NA,0.391961,0,-1.83,-0.59,NA,6.06205,0.141317,0.500064,-0.655649,2.22437,3.59075,-1.62442,-1.20822,-9.00717,-9.99744,-4.84995,1.99999,2.60787,-0.317592,0.120727,-3.41784,3.35573,-8.12284,6.57126,-0.243925,7.8474,1.67209,0,4.27566,NA,NA,NA,NA,NA,NA,NA,NA,NA,NA,NA,NA,NA,NA,NA,NA,NA,NA,NA,NA,NA,NA,NA,NA,NA,NA,NA,NA,NA,NA,NA,NA,NA,NA,NA,NA,NA,NA,NA,NA,NA,NA,NA,NA,NA,NA,NA,NA,NA,NA,NA,NA,NA,NA,NA,NA,NA,NA,NA,NA,NA,NA,NA,NA,NA,NA,NA,NA,NA,NA,NA,NA,NA,NA,NA,NA,NA,NA,NA,NA,NA,NA,NA,NA,NA,NA,NA,NA,NA,NA,NA,NA,NA,NA,NA,NA,NA,NA,NA,NA,NA,NA,NA,NA,NA,NA,NA,NA,NA,NA,NA,NA,NA,NA,6.69176,7.36904,0.246053,0,2.86991,0,5.80273,10.3676,0,0.327627,5.1854e-06,20216.3,8002.66,0,461.78,5203.22,6401.21,139.938,0,7.51843,0,0.0202189,0,0,1,1,1,1,1,1,1,1,"3.30.16.00;_2020_09_03;_safe;_Stock_Synthesis_by_Richard_Methot_(NOAA)_using_ADMB_12.2",0.75,"constGrowthOMfixedParamsEM_EM_2022",FALSE,468,-9.90625,2.91945,2.63942,NA,NA,-0.311,NA,NA,0,0,NA,NA,NA,NA,NA,NA,"3","constGrowth_compNsamp"
259407,321160,310655,3117990,103763,0.55,0.289057,35070.5,51881.4,0.5014,30070.1,95642.7,0.526523,0.315384,35209.1,35209.1,NA,0.105857976076205,2.85835135532406,"1990.4","1996.3","2017.9","2019","0.929",NA,NA,NA,0.585,8.63214,22.6266,0.694797,0.175779,0.0274414,7.5242e-06,3.2332,15.44,-0.89252,1,0,1,0.5,14.9527,0.5,1,0,0,NA,4.96708,-2.19378,4.93596,4.36874,NA,NA,0.0202616,-0.310267,-1.11027,-1.71323,0,NA,NA,NA,NA,6.23795,0,-1.83,-0.59,NA,12.2021,0.93293,0.500064,-4.13566,0.291476,3.61429,-4.36317,-1.66727,-0.326595,-0.245036,-5.02926,1.99999,-0.732639,-0.264784,0.995649,-2.27271,2.27448,-5.20064,-0.563163,-6.18957,8.51925,1.05455,0,0.526553,NA,NA,NA,NA,NA,NA,NA,NA,NA,NA,NA,NA,NA,NA,NA,NA,NA,NA,NA,NA,NA,NA,NA,NA,NA,NA,NA,NA,NA,NA,NA,NA,NA,NA,NA,NA,NA,NA,NA,NA,NA,NA,NA,NA,NA,NA,NA,NA,NA,NA,NA,NA,NA,NA,NA,NA,NA,NA,NA,NA,NA,NA,NA,NA,NA,NA,NA,NA,NA,NA,NA,NA,NA,NA,NA,NA,NA,NA,NA,NA,NA,NA,NA,NA,NA,NA,NA,NA,NA,NA,NA,NA,NA,NA,NA,NA,NA,NA,NA,NA,NA,NA,NA,NA,NA,NA,NA,NA,NA,NA,NA,NA,NA,NA,6.69289,7.37102,4.76692,0,2.8571,0,1.6105,10.3701,0,0.28872,1.66278e-05,24791.6,14431.7,0,476.521,4974.49,4793.57,113.259,0,2.13226,0,0.00869753,0,0,1,1,1,1,1,1,1,1,"3.30.16.00;_2020_09_03;_safe;_Stock_Synthesis_by_Richard_Methot_(NOAA)_using_ADMB_12.2",0.766666666666667,"constGrowthOMfixedParamsEM_EM_2023",FALSE,469,-1.06551,-2.5012,0.514042,NA,NA,-0.311,NA,NA,NA,NA,0,0,NA,NA,NA,NA,"3","constGrowth_compNsamp"
361473,447674,432419,4157050,144589,0.55,0.279938,47303.4,72294.7,0.508975,42364.6,124918,0.509185,0.329089,47877.9,47877.9,NA,0.052547493173764,1.16746447412091,"1990.4","1996.3","2017.9","2019","0.929",NA,NA,NA,0.585,9.2201,22.746,0.665829,0.232097,0.0506562,7.5242e-06,3.2332,15.44,-0.89252,1,0,1,0.5,15.2403,0.5,1,0,0,NA,0.671491,1.41872,1.84611,0.583047,NA,NA,-1.44891,-3.5759,-3.0658,-2.2841,-3.10252,0,NA,NA,NA,0.47612,0,-1.83,-0.59,NA,12.9076,1.65688,0.499939,-3.09237,-0.494551,-0.55069,0.728154,-0.188929,-0.778498,-6.8189,2.72744,1.99999,0.119453,-1.36924,0.17452,-1.65498,1.66534,-1.96654,0.81061,-7.48359,3.1906,1.90262,0,0.000120464,NA,NA,NA,NA,NA,NA,NA,NA,NA,NA,NA,NA,NA,NA,NA,NA,NA,NA,NA,NA,NA,NA,NA,NA,NA,NA,NA,NA,NA,NA,NA,NA,NA,NA,NA,NA,NA,NA,NA,NA,NA,NA,NA,NA,NA,NA,NA,NA,NA,NA,NA,NA,NA,NA,NA,NA,NA,NA,NA,NA,NA,NA,NA,NA,NA,NA,NA,NA,NA,NA,NA,NA,NA,NA,NA,NA,NA,NA,NA,NA,NA,NA,NA,NA,NA,NA,NA,NA,NA,NA,NA,NA,NA,NA,NA,NA,NA,NA,NA,NA,NA,NA,NA,NA,NA,NA,NA,NA,NA,NA,NA,NA,NA,NA,7.34628,7.67736,1.64365,0,8.09972,0,0.818461,9.63382,0,1.15635,0.000286215,1700.45,1.12013,0,34.8422,1046.25,583.197,15.4556,0,19.5641,0,0.0169316,0,0,1,1,1,1,1,1,1,1,"3.30.16.00;_2020_09_03;_safe;_Stock_Synthesis_by_Richard_Methot_(NOAA)_using_ADMB_12.2",3.11666666666667,"constGrowthOMfixedParamsEM_EM_2024",FALSE,1829,1.66131,-0.0399329,0.405388,NA,NA,-0.311,NA,NA,NA,NA,NA,NA,0,0,NA,NA,"3","constGrowth_compNsamp"
356463,444304,429370,4120950,142585,0.55,0.268404,45316.5,71292.6,0.48879,40789.9,122212,0.507135,0.318238,45926.2,45926.2,NA,0.120265216866828,1.28011531838801,"1990.4","1996.3","2017.9","2019","0.929",NA,NA,NA,0.585,9.49218,22.8752,0.635319,0.223987,0.0500363,7.5242e-06,3.2332,15.44,-0.89252,1,0,1,0.5,15.2316,0.5,1,0,0,NA,0.727767,1.41225,1.7526,0.664012,NA,NA,0,NA,NA,NA,NA,NA,NA,NA,NA,0.0140532,0,-1.83,-0.59,NA,12.7635,1.66063,0.500001,-2.66037,-0.558093,-0.8116,-0.399764,-0.983843,0.643494,-2.45141,-1.64487,1.99999,0.244137,-1.5952,-0.259405,-1.35674,1.23372,-0.849907,0.174072,-3.36019,2.60131,1.52364,0,0.193963,NA,NA,NA,NA,NA,NA,NA,NA,NA,NA,NA,NA,NA,NA,NA,NA,NA,NA,NA,NA,NA,NA,NA,NA,NA,NA,NA,NA,NA,NA,NA,NA,NA,NA,NA,NA,NA,NA,NA,NA,NA,NA,NA,NA,NA,NA,NA,NA,NA,NA,NA,NA,NA,NA,NA,NA,NA,NA,NA,NA,NA,NA,NA,NA,NA,NA,NA,NA,NA,NA,NA,NA,NA,NA,NA,NA,NA,NA,NA,NA,NA,NA,NA,NA,NA,NA,NA,NA,NA,NA,NA,NA,NA,NA,NA,NA,NA,NA,NA,NA,NA,NA,NA,NA,NA,NA,NA,NA,NA,NA,NA,NA,NA,NA,7.13874,7.45264,1.11377,0,8.24604,0,1.21482,9.69833,0,11819.4,2.51,1154.37,1.0347,0,-27.1978,800.733,361.931,17.8569,0,0,0,0.00891074,0,0,1,1,1,1,1,1,1,1,"3.30.16.00;_2020_09_03;_safe;_Stock_Synthesis_by_Richard_Methot_(NOAA)_using_ADMB_12.2",2.13333333333333,"constGrowthOMfixedParamsEM_EM_init",FALSE,1374,1.25477,-0.0986253,0.413509,NA,NA,-0.311,NA,NA,NA,NA,NA,NA,NA,NA,0,0,"3","constGrowth_compNsamp"
377009,480986,464447,4785510,150804,0.4,0.600549,109114,150804,0.600549,109114,102418,0.27166,0.97347,121547,121547,NA,1.36710264211199,NA,"1976.1","1984.2","2016.9","2017.4","0.9365",NA,NA,NA,0.585,9.83064,22.656,0.572948,0.192832,0.0587026,7.5242e-06,3.2332,15.44,-0.89252,1,0,1,0.5,15.3811,1,1,0,0,-4.16801,1.17818e-09,0.120019,-0.584197,-0.486185,-2.3192,-1.67708,0,-2.29764,1.65952,-1.11614,-1.87616,-1.81516,-0.720181,0,0,42.8431,0,-1.83,-0.59,-0.311,13.3044,2.01244,0.498967,0.601905,8.5311,1.54978,1.86277,0.15251,-0.240608,-1.40066,-4.97539,1.99999,13.8644,1.25532,2.06212,-1.82942,1.56514,-1.54349,1.31991,-2.56666,9.51434,1.19608,0,2.28258,4.76235,5.24544,6.09891,4.55599,0.903284,6.28667,-2.57987,-0.787768,-3.99935,-3.43218,-1.11542,-2.10166,-2.75013,6.71489,3.60935,-3.87476,1.56186,1.10943,-0.474559,-0.351871,6.7938,0.565535,2.13153,0.141518,0.264469,-0.234224,-2.74685,-0.398951,1.06117,0.687202,0.845101,0.712442,-6.86301,-2.12153,1.45786,2.93969,2.08918,1.58502,1.32142,-1.27358,-1.27013,-0.317681,0.364204,-1.68513,-2.93021,-2.07692,0.39917,-0.915003,-0.949119,-4.78863,-1.36316,-2.10854,-1.57219,-8.50467,-2.50461,-0.644614,-0.669822,-1.87949,-1.49599,1.67806,-0.775292,-8.75272,-1.92346,1.85294,3.67421,1.72572,0.721242,1.57778,-0.373436,-0.0213933,-0.839101,-1.67373,0.997468,-0.957629,-0.494192,-0.510217,-3.29946,1.32374,1.05238,-0.682902,-0.709018,-0.853175,0.106119,-0.355688,-1.19182,-0.1681,-2.07411,-0.987953,-1.87162,-7.69013,0.469761,0.178982,1.18743,2.7032,3.07152,-0.274552,-0.376233,0.246619,-1.52082,-1.76393,0.567138,-0.427158,-0.276065,6.2036,0.666107,-0.813427,2.79797,2.79642,2.09455,2.74989,3.49808,3.88134,2.79838,3.02513,6.93648,7.62974,2.75115,0,7.98167,0,1.88302,10.3459,0,0.281599,75.6371,69999.1,66863.5,0,73.3091,1689.02,1324.28,40.3586,0,8.30619,0,0.0210899,0,0,1,1,1,1,1,1,1,1,"3.30.16.00;_2020_09_03;_safe;_Stock_Synthesis_by_Richard_Methot_(NOAA)_using_ADMB_12.2",0.0166666666666667,"constGrowth_test2_OM",FALSE,1,NA,NA,NA,NA,NA,NA,NA,NA,NA,NA,NA,NA,NA,NA,NA,NA,"4","constGrowth_compNsamp"
316609,396269,382999,3686310,126644,0.55,0.270544,40746.4,63321.9,0.49369,36749.9,108220,0.506356,0.321928,41315.3,41315.3,NA,0.0981639814408308,1.34165556402635,"1990.4","1996.3","2017.9","2019","0.929",NA,NA,NA,0.585,9.54997,22.9761,0.615972,0.219642,0.0535579,7.5242e-06,3.2332,15.44,-0.89252,1,0,1,0.5,15.1201,0.5,1,0,0,NA,0.817075,1.55871,1.87611,0.705647,NA,NA,-2.52267,0,NA,NA,NA,NA,NA,NA,NA,1.49735e-07,0,-1.83,-0.59,NA,13.0442,1.75687,0.499996,-2.84261,-0.679567,-0.696161,-0.750355,0.579315,-0.90707,-2.25823,-1.68956,1.99999,0.202488,-1.63908,-0.154551,-1.67169,1.32999,-0.687889,0.0890093,-5.85913,2.69456,1.60724,0,0.000515054,NA,NA,NA,NA,NA,NA,NA,NA,NA,NA,NA,NA,NA,NA,NA,NA,NA,NA,NA,NA,NA,NA,NA,NA,NA,NA,NA,NA,NA,NA,NA,NA,NA,NA,NA,NA,NA,NA,NA,NA,NA,NA,NA,NA,NA,NA,NA,NA,NA,NA,NA,NA,NA,NA,NA,NA,NA,NA,NA,NA,NA,NA,NA,NA,NA,NA,NA,NA,NA,NA,NA,NA,NA,NA,NA,NA,NA,NA,NA,NA,NA,NA,NA,NA,NA,NA,NA,NA,NA,NA,NA,NA,NA,NA,NA,NA,NA,NA,NA,NA,NA,NA,NA,NA,NA,NA,NA,NA,NA,NA,NA,NA,NA,NA,7.1712,7.67886,0.45823,0,8.06634,0,8.0526,8.66849,0,9252.16,1.42027,1315.68,0.883348,0,-13.3649,898.752,406.338,19.8734,0,3.18193,0,0.0154037,0,0,1,1,1,1,1,1,1,1,"3.30.16.00;_2020_09_03;_safe;_Stock_Synthesis_by_Richard_Methot_(NOAA)_using_ADMB_12.2",2.06666666666667,"constGrowthOMfixedParamsEM_EM_2020",FALSE,1431,0.614807,-0.0519925,0.477942,0,0,-0.311,NA,NA,NA,NA,NA,NA,NA,NA,NA,NA,"4","constGrowth_compNsamp"
338268,417539,403504,3850960,135307,0.55,0.273825,43349,67653.7,0.499703,39043.7,115873,0.50691,0.325115,43938.2,43938.2,NA,0.0725850509063819,1.25762911867703,"1990.4","1996.3","2017.9","2019","0.929",NA,NA,NA,0.585,9.45835,22.9598,0.63242,0.227696,0.0508573,7.5242e-06,3.2332,15.44,-0.89252,1,0,1,0.5,15.1638,0.5,1,0,0,NA,0.741085,1.52151,1.83619,0.628657,NA,NA,-2.47831,-3.35118,0,NA,NA,NA,NA,NA,NA,0.0936664,0,-1.83,-0.59,NA,13.071,1.75308,0.5,-2.95294,-0.648105,-0.728273,-0.313015,0.414286,-0.222152,-1.04054,-6.90201,1.99999,0.144478,-1.4933,-0.140983,-1.55057,1.20511,-0.763475,0.0137201,-7.14394,2.81087,1.67828,0,0.00370352,NA,NA,NA,NA,NA,NA,NA,NA,NA,NA,NA,NA,NA,NA,NA,NA,NA,NA,NA,NA,NA,NA,NA,NA,NA,NA,NA,NA,NA,NA,NA,NA,NA,NA,NA,NA,NA,NA,NA,NA,NA,NA,NA,NA,NA,NA,NA,NA,NA,NA,NA,NA,NA,NA,NA,NA,NA,NA,NA,NA,NA,NA,NA,NA,NA,NA,NA,NA,NA,NA,NA,NA,NA,NA,NA,NA,NA,NA,NA,NA,NA,NA,NA,NA,NA,NA,NA,NA,NA,NA,NA,NA,NA,NA,NA,NA,NA,NA,NA,NA,NA,NA,NA,NA,NA,NA,NA,NA,NA,NA,NA,NA,NA,NA,7.19393,7.73671,0.590506,0,8.04497,0,8.08912,9.06057,0,0.344827,1.99098e-05,1386.81,0.793388,0,-5.13667,957.715,407.102,17.6364,0,8.68622,0,0.0143828,0,0,1,1,1,1,1,1,1,1,"3.30.16.00;_2020_09_03;_safe;_Stock_Synthesis_by_Richard_Methot_(NOAA)_using_ADMB_12.2",1.95,"constGrowthOMfixedParamsEM_EM_2021",FALSE,1307,1.03311,-0.0980994,0.403543,NA,NA,-0.311,0,0,NA,NA,NA,NA,NA,NA,NA,NA,"4","constGrowth_compNsamp"
359732,444217,429721,4108550,143893,0.55,0.270725,45681.5,71946.4,0.491955,41012.8,123830,0.508171,0.319511,46265.6,46265.6,NA,0.0635828894843939,1.18692030644317,"1990.4","1996.3","2017.9","2019","0.929",NA,NA,NA,0.585,9.43719,22.9433,0.638382,0.206605,0.0538539,7.5242e-06,3.2332,15.44,-0.89252,1,0,1,0.5,15.2286,0.5,1,0,0,NA,0.751084,1.52474,1.81656,0.563907,NA,NA,-2.25018,-4.18978,-2.26912,0,NA,NA,NA,NA,NA,0.249463,0,-1.83,-0.59,NA,13.0166,1.73781,0.499982,-2.97628,-0.637395,-0.490975,-0.488948,0.364848,-0.317471,-0.0490837,-7.96705,1.99999,0.121868,-1.41256,0.061061,-1.73351,1.10845,-0.793443,-0.0278463,-6.90602,2.90674,1.72449,0,2.46005e-05,NA,NA,NA,NA,NA,NA,NA,NA,NA,NA,NA,NA,NA,NA,NA,NA,NA,NA,NA,NA,NA,NA,NA,NA,NA,NA,NA,NA,NA,NA,NA,NA,NA,NA,NA,NA,NA,NA,NA,NA,NA,NA,NA,NA,NA,NA,NA,NA,NA,NA,NA,NA,NA,NA,NA,NA,NA,NA,NA,NA,NA,NA,NA,NA,NA,NA,NA,NA,NA,NA,NA,NA,NA,NA,NA,NA,NA,NA,NA,NA,NA,NA,NA,NA,NA,NA,NA,NA,NA,NA,NA,NA,NA,NA,NA,NA,NA,NA,NA,NA,NA,NA,NA,NA,NA,NA,NA,NA,NA,NA,NA,NA,NA,NA,7.27118,7.79243,0.673671,0,7.96514,0,8.04043,9.34495,0,0.295686,7.29808e-06,1532.36,0.870781,0,4.51007,1000.96,496.099,16.0218,0,13.8832,0,0.0180273,0,0,1,1,1,1,1,1,1,1,"3.30.16.00;_2020_09_03;_safe;_Stock_Synthesis_by_Richard_Methot_(NOAA)_using_ADMB_12.2",2.83333333333333,"constGrowthOMfixedParamsEM_EM_2022",FALSE,1907,1.27329,-0.116883,0.406198,NA,NA,-0.311,NA,NA,0,0,NA,NA,NA,NA,NA,NA,"4","constGrowth_compNsamp"
368603,454942,439568,4208800,147441,0.55,0.277072,47730.5,73720.7,0.50472,42895.6,126700,0.507798,0.327665,48351.7,48351.7,NA,0.0649856349514247,1.16355581982904,"1990.4","1996.3","2017.9","2019","0.929",NA,NA,NA,0.585,9.35309,22.9529,0.636411,0.229089,0.0504423,7.5242e-06,3.2332,15.44,-0.89252,1,0,1,0.5,15.2527,0.5,1,0,0,NA,0.775371,1.5266,1.84241,0.550546,NA,NA,-1.88574,-3.88657,-2.22725,-2.91043,0,NA,NA,NA,NA,0.396315,0,-1.83,-0.59,NA,13.1051,1.75909,0.495178,-3.04299,-0.631965,-0.395279,0.00698194,0.117514,-0.487509,0.000632016,-7.98376,1.99999,0.110465,-1.42343,0.193149,-1.83974,1.15287,-0.751958,0.0309228,-6.95356,3.05583,1.84296,0,3.00625e-05,NA,NA,NA,NA,NA,NA,NA,NA,NA,NA,NA,NA,NA,NA,NA,NA,NA,NA,NA,NA,NA,NA,NA,NA,NA,NA,NA,NA,NA,NA,NA,NA,NA,NA,NA,NA,NA,NA,NA,NA,NA,NA,NA,NA,NA,NA,NA,NA,NA,NA,NA,NA,NA,NA,NA,NA,NA,NA,NA,NA,NA,NA,NA,NA,NA,NA,NA,NA,NA,NA,NA,NA,NA,NA,NA,NA,NA,NA,NA,NA,NA,NA,NA,NA,NA,NA,NA,NA,NA,NA,NA,NA,NA,NA,NA,NA,NA,NA,NA,NA,NA,NA,NA,NA,NA,NA,NA,NA,NA,NA,NA,NA,NA,NA,7.27933,7.86136,0.950662,0,7.94096,0,8.04992,9.49184,0,0.277166,2.72263e-06,1647.11,0.93178,0,26.1249,1077.21,511.19,15.5909,0,16.0464,0,0.0177684,0,0,1,1,1,1,1,1,1,1,"3.30.16.00;_2020_09_03;_safe;_Stock_Synthesis_by_Richard_Methot_(NOAA)_using_ADMB_12.2",2.8,"constGrowthOMfixedParamsEM_EM_2023",FALSE,1777,1.55113,-0.109893,0.413561,NA,NA,-0.311,NA,NA,NA,NA,0,0,NA,NA,NA,NA,"4","constGrowth_compNsamp"
381750,474848,458707,4423610,152700,0.55,0.277859,49994.2,76349.9,0.505573,44906.6,131329,0.508013,0.328223,50637.9,50637.9,NA,0.0674912901113294,1.13996846887437,"1990.4","1996.3","2017.9","2019","0.929",NA,NA,NA,0.585,9.3721,22.9887,0.622826,0.228423,0.0510317,7.5242e-06,3.2332,15.44,-0.89252,1,0,1,0.5,15.3025,0.5,1,0,0,NA,0.787059,1.52391,1.83925,0.539774,NA,NA,-1.65203,-3.72679,-1.62044,-3.47635,-3.53103,0,NA,NA,NA,0.511996,0,-1.83,-0.59,NA,13.1301,1.76612,0.500065,-3.05742,-0.618263,-0.361093,0.219395,0.0400997,-0.629427,0.0863287,-7.91745,1.99999,0.0935492,-1.28139,0.0948351,-1.88235,1.086,-0.244701,-0.604039,-5.84615,3.14541,1.92707,0,7.87013e-05,NA,NA,NA,NA,NA,NA,NA,NA,NA,NA,NA,NA,NA,NA,NA,NA,NA,NA,NA,NA,NA,NA,NA,NA,NA,NA,NA,NA,NA,NA,NA,NA,NA,NA,NA,NA,NA,NA,NA,NA,NA,NA,NA,NA,NA,NA,NA,NA,NA,NA,NA,NA,NA,NA,NA,NA,NA,NA,NA,NA,NA,NA,NA,NA,NA,NA,NA,NA,NA,NA,NA,NA,NA,NA,NA,NA,NA,NA,NA,NA,NA,NA,NA,NA,NA,NA,NA,NA,NA,NA,NA,NA,NA,NA,NA,NA,NA,NA,NA,NA,NA,NA,NA,NA,NA,NA,NA,NA,NA,NA,NA,NA,NA,NA,7.30247,7.89806,1.02149,0,7.98895,0,8.03661,9.52551,0,0.276061,1.88968e-06,1763.66,1.03108,0,41.3048,1124.39,559.919,15.0973,0,21.8986,0,0.0171711,0,0,1,1,1,1,1,1,1,1,"3.30.16.00;_2020_09_03;_safe;_Stock_Synthesis_by_Richard_Methot_(NOAA)_using_ADMB_12.2",2.36666666666667,"constGrowthOMfixedParamsEM_EM_2024",FALSE,1830,1.76083,-0.111627,0.417864,NA,NA,-0.311,NA,NA,NA,NA,NA,NA,0,0,NA,NA,"4","constGrowth_compNsamp"
365662,457812,442596,4248820,146265,0.55,0.268772,46855.9,73132.4,0.490039,42270.2,124936,0.506253,0.319888,47513.4,47513.4,NA,0.153021369461415,1.25458225486928,"1990.4","1996.3","2017.9","2019","0.929",NA,NA,NA,0.585,9.71822,23.0042,0.60598,0.216302,0.0525895,7.5242e-06,3.2332,15.44,-0.89252,1,0,1,0.5,15.2622,0.5,1,0,0,NA,0.811692,1.49788,1.79089,0.598665,NA,NA,0,NA,NA,NA,NA,NA,NA,NA,NA,6.54375e-07,0,-1.83,-0.59,NA,12.9811,1.77267,0.499998,-2.64426,-0.680326,-0.860816,-0.72735,-0.792668,0.129002,-1.66255,-2.46355,1.99999,0.271152,-1.61773,-0.360834,-1.44812,1.25178,-0.65207,0.0834852,-3.108,2.60068,1.54125,0,0.71819,NA,NA,NA,NA,NA,NA,NA,NA,NA,NA,NA,NA,NA,NA,NA,NA,NA,NA,NA,NA,NA,NA,NA,NA,NA,NA,NA,NA,NA,NA,NA,NA,NA,NA,NA,NA,NA,NA,NA,NA,NA,NA,NA,NA,NA,NA,NA,NA,NA,NA,NA,NA,NA,NA,NA,NA,NA,NA,NA,NA,NA,NA,NA,NA,NA,NA,NA,NA,NA,NA,NA,NA,NA,NA,NA,NA,NA,NA,NA,NA,NA,NA,NA,NA,NA,NA,NA,NA,NA,NA,NA,NA,NA,NA,NA,NA,NA,NA,NA,NA,NA,NA,NA,NA,NA,NA,NA,NA,NA,NA,NA,NA,NA,NA,7.07992,7.66724,0.420824,0,8.15665,0,8.18752,9.62349,0,11819.4,2.51,1192.95,0.904915,0,-16.1459,836.787,353.895,17.4965,0,0,0,0.00877509,0,0,1,1,1,1,1,1,1,1,"3.30.16.00;_2020_09_03;_safe;_Stock_Synthesis_by_Richard_Methot_(NOAA)_using_ADMB_12.2",2.4,"constGrowthOMfixedParamsEM_EM_init",FALSE,1683,1.17869,-0.0929227,0.429581,NA,NA,-0.311,NA,NA,NA,NA,NA,NA,NA,NA,0,0,"4","constGrowth_compNsamp"
377009,480986,464447,4785510,150804,0.4,0.600549,109114,150804,0.600549,109114,102418,0.27166,0.97347,121547,121547,NA,1.11209546721696,NA,"1976.1","1984.2","2016.9","2017.4","0.9365",NA,NA,NA,0.585,9.83064,22.656,0.572948,0.192832,0.0587026,7.5242e-06,3.2332,15.44,-0.89252,1,0,1,0.5,15.3811,1,1,0,0,-4.16801,1.17818e-09,0.120019,-0.584197,-0.486185,-2.3192,-1.67708,0,-1.2278,-2.68837,1.22779,-1.86651,0.0858404,-1.69672,0,0,42.8431,0,-1.83,-0.59,-0.311,13.3044,2.01244,0.498967,0.601905,8.5311,1.54978,1.86277,0.15251,-0.240608,-1.40066,-4.97539,1.99999,13.8644,1.25532,2.06212,-1.82942,1.56514,-1.54349,1.31991,-2.56666,9.51434,1.19608,0,2.28258,4.76235,5.24544,6.09891,4.55599,0.903284,6.28667,-2.57987,-0.787768,-3.99935,-3.43218,-1.11542,-2.10166,-2.75013,6.71489,3.60935,-3.87476,1.56186,1.10943,-0.474559,-0.351871,6.7938,0.565535,2.13153,0.141518,0.264469,-0.234224,-2.74685,-0.398951,1.06117,0.687202,0.845101,0.712442,-6.86301,-2.12153,1.45786,2.93969,2.08918,1.58502,1.32142,-1.27358,-1.27013,-0.317681,0.364204,-1.68513,-2.93021,-2.07692,0.39917,-0.915003,-0.949119,-4.78863,-1.36316,-2.10854,-1.57219,-8.50467,-2.50461,-0.644614,-0.669822,-1.87949,-1.49599,1.67806,-0.775292,-8.75272,-1.92346,1.85294,3.67421,1.72572,0.721242,1.57778,-0.373436,-0.0213933,-0.839101,-1.67373,0.997468,-0.957629,-0.494192,-0.510217,-3.29946,1.32374,1.05238,-0.682902,-0.709018,-0.853175,0.106119,-0.355688,-1.19182,-0.1681,-2.07411,-0.987953,-1.87162,-7.69013,0.469761,0.178982,1.18743,2.7032,3.07152,-0.274552,-0.376233,0.246619,-1.52082,-1.76393,0.567138,-0.427158,-0.276065,6.2036,0.666107,-0.813427,2.79797,2.79642,2.09455,2.74989,3.49808,3.88134,2.79838,3.02513,6.93648,7.62974,2.75115,0,7.98167,0,1.88302,10.3459,0,0.207886,1.04216e-05,3231.72,96.1804,0,73.3091,1689.02,1324.28,40.3586,0,8.30619,0,0.0210899,0,0,1,1,1,1,1,1,1,1,"3.30.16.00;_2020_09_03;_safe;_Stock_Synthesis_by_Richard_Methot_(NOAA)_using_ADMB_12.2",0.0166666666666667,"constGrowth_test2_OM",FALSE,1,NA,NA,NA,NA,NA,NA,NA,NA,NA,NA,NA,NA,NA,NA,NA,NA,"5","constGrowth_compNsamp"
139873,308035,287955,4124960,55949.3,0.55,0.499015,54504.9,27974.5,0.966611,50151.3,46362.8,0.498598,0.622432,55573.2,55573.2,NA,0.779192553244729,2.53802393112086,"1990.4","1996.3","2017.9","2019","0.929",NA,NA,NA,0.585,8.65813,23.0407,0.247082,0.416663,0.0795576,7.5242e-06,3.2332,15.44,-0.89252,1,0,1,0.5,15.2326,0.5,1,0,0,NA,-4.09187,4.37269,1.49991,4.99869,NA,NA,-0.0151304,0,NA,NA,NA,NA,NA,NA,NA,14.8786,0,-1.83,-0.59,NA,14.9018,2.15493,0.500064,-4.92683,4.78142,0.145408,-7.02454,-1.7001,-1.45195,-1.92468,-5.01308,1.99999,-0.578667,-1.24151,1.9329,-7.52942,4.31817,0.312151,-1.94883,-4.48267,8.646,1.59685,0,1.25407,NA,NA,NA,NA,NA,NA,NA,NA,NA,NA,NA,NA,NA,NA,NA,NA,NA,NA,NA,NA,NA,NA,NA,NA,NA,NA,NA,NA,NA,NA,NA,NA,NA,NA,NA,NA,NA,NA,NA,NA,NA,NA,NA,NA,NA,NA,NA,NA,NA,NA,NA,NA,NA,NA,NA,NA,NA,NA,NA,NA,NA,NA,NA,NA,NA,NA,NA,NA,NA,NA,NA,NA,NA,NA,NA,NA,NA,NA,NA,NA,NA,NA,NA,NA,NA,NA,NA,NA,NA,NA,NA,NA,NA,NA,NA,NA,NA,NA,NA,NA,NA,NA,NA,NA,NA,NA,NA,NA,NA,NA,NA,NA,NA,NA,6.69313,7.37132,4.99909,0,2.91976,0,1.68091,10.3705,0,8932.23,1.30908,20882.6,12656.1,0,122.159,2796.67,5207.5,100.125,0,0.000114465,0,0.00811311,0,0,1,1,1,1,1,1,1,1,"3.30.16.00;_2020_09_03;_safe;_Stock_Synthesis_by_Richard_Methot_(NOAA)_using_ADMB_12.2",0.55,"constGrowthOMfixedParamsEM_EM_2020",FALSE,367,-1.17906,1.45789,4.36754,0,0,-0.311,NA,NA,NA,NA,NA,NA,NA,NA,NA,NA,"5","constGrowth_compNsamp"
380599,468314,453105,4282460,152240,0.55,0.270039,48533.3,76119.8,0.48415,43346.4,132052,0.51022,0.315214,49093.1,49093.1,NA,0.154625997440876,1.18495417972548,"1990.4","1996.3","2017.9","2019","0.929",NA,NA,NA,0.585,9.35297,22.7404,0.68206,0.210806,0.0530665,7.5242e-06,3.2332,15.44,-0.89252,1,0,1,0.5,15.27,0.5,1,0,0,NA,0.682252,1.52382,1.80946,0.497629,NA,NA,-0.966916,-2.50755,0,NA,NA,NA,NA,NA,NA,0.341721,0,-1.83,-0.59,NA,12.774,1.70333,0.499985,-2.7274,-0.439043,-0.641054,-0.492856,0.514602,-1.21543,-1.34051,-2.28432,1.99999,0.242172,-1.21805,-0.0821312,-1.47761,1.30189,-0.719463,0.0235106,-6.67597,2.9036,1.65968,0,0.0279681,NA,NA,NA,NA,NA,NA,NA,NA,NA,NA,NA,NA,NA,NA,NA,NA,NA,NA,NA,NA,NA,NA,NA,NA,NA,NA,NA,NA,NA,NA,NA,NA,NA,NA,NA,NA,NA,NA,NA,NA,NA,NA,NA,NA,NA,NA,NA,NA,NA,NA,NA,NA,NA,NA,NA,NA,NA,NA,NA,NA,NA,NA,NA,NA,NA,NA,NA,NA,NA,NA,NA,NA,NA,NA,NA,NA,NA,NA,NA,NA,NA,NA,NA,NA,NA,NA,NA,NA,NA,NA,NA,NA,NA,NA,NA,NA,NA,NA,NA,NA,NA,NA,NA,NA,NA,NA,NA,NA,NA,NA,NA,NA,NA,NA,7.14231,7.81874,2.43673,0,1.55478,0,1.16917,9.57121,0,32236.2,15.9258,1361.29,1.2809,0,-12.2919,909.044,443.748,15.889,0,3.61137,0,0.0101399,0,0,1,1,1,1,1,1,1,1,"3.30.16.00;_2020_09_03;_safe;_Stock_Synthesis_by_Richard_Methot_(NOAA)_using_ADMB_12.2",2.26666666666667,"constGrowthOMfixedParamsEM_EM_2021",FALSE,1565,1.50836,-0.0549692,0.437687,NA,NA,-0.311,0,0,NA,NA,NA,NA,NA,NA,NA,NA,"5","constGrowth_compNsamp"
381081,467517,452300,4275150,152432,0.55,0.275087,48927.4,76216.2,0.496077,43676.8,132322,0.51042,0.321254,49485.8,49485.8,NA,0.0699908943243038,1.15383484847794,"1990.4","1996.3","2017.9","2019","0.929",NA,NA,NA,0.585,9.24951,22.731,0.690172,0.212303,0.0526858,7.5242e-06,3.2332,15.44,-0.89252,1,0,1,0.5,15.2683,0.5,1,0,0,NA,0.703047,1.54268,1.82694,0.48826,NA,NA,-0.770815,-3.18828,-3.48565,0,NA,NA,NA,NA,NA,0.433603,0,-1.83,-0.59,NA,12.8206,1.70721,0.500058,-2.85113,-0.423747,-0.565629,-0.529024,0.454306,-0.94762,-1.90091,-1.73563,1.99999,0.192864,-1.27743,0.177071,-1.69868,1.38914,-0.832082,-0.516388,-7.03894,3.05168,1.75213,0,0.0373084,NA,NA,NA,NA,NA,NA,NA,NA,NA,NA,NA,NA,NA,NA,NA,NA,NA,NA,NA,NA,NA,NA,NA,NA,NA,NA,NA,NA,NA,NA,NA,NA,NA,NA,NA,NA,NA,NA,NA,NA,NA,NA,NA,NA,NA,NA,NA,NA,NA,NA,NA,NA,NA,NA,NA,NA,NA,NA,NA,NA,NA,NA,NA,NA,NA,NA,NA,NA,NA,NA,NA,NA,NA,NA,NA,NA,NA,NA,NA,NA,NA,NA,NA,NA,NA,NA,NA,NA,NA,NA,NA,NA,NA,NA,NA,NA,NA,NA,NA,NA,NA,NA,NA,NA,NA,NA,NA,NA,NA,NA,NA,NA,NA,NA,7.21698,7.8899,2.51885,0,1.38153,0,1.05787,9.71577,0,0.623261,0.000218185,1476.6,1.06291,0,-0.578474,958.996,490.357,15.3014,0,11.4545,0,0.0102627,0,0,1,1,1,1,1,1,1,1,"3.30.16.00;_2020_09_03;_safe;_Stock_Synthesis_by_Richard_Methot_(NOAA)_using_ADMB_12.2",2.2,"constGrowthOMfixedParamsEM_EM_2022",FALSE,1459,1.63666,-0.0505168,0.431264,NA,NA,-0.311,NA,NA,0,0,NA,NA,NA,NA,NA,NA,"5","constGrowth_compNsamp"
380107,468709,453053,4301220,152043,0.55,0.2819,49983,76021.4,0.510516,44642.3,131893,0.510242,0.32973,50558.4,50558.4,NA,0.0616918394031154,1.13864508714008,"1990.4","1996.3","2017.9","2019","0.929",NA,NA,NA,0.585,9.28282,22.7832,0.672322,0.226847,0.0503352,7.5242e-06,3.2332,15.44,-0.89252,1,0,1,0.5,15.2744,0.5,1,0,0,NA,0.728434,1.52278,1.84263,0.498548,NA,NA,-0.521498,-2.94915,-4.23489,-2.40177,0,NA,NA,NA,NA,0.514213,0,-1.83,-0.59,NA,12.8915,1.73503,0.500005,-2.79348,-0.42005,-0.528679,0.0618223,-0.126232,-1.7,-0.50164,-3.92445,1.99999,0.218172,-1.29278,0.394656,-1.714,1.2606,-1.36555,0.0576055,-7.42468,3.16493,1.86113,0,8.14382e-05,NA,NA,NA,NA,NA,NA,NA,NA,NA,NA,NA,NA,NA,NA,NA,NA,NA,NA,NA,NA,NA,NA,NA,NA,NA,NA,NA,NA,NA,NA,NA,NA,NA,NA,NA,NA,NA,NA,NA,NA,NA,NA,NA,NA,NA,NA,NA,NA,NA,NA,NA,NA,NA,NA,NA,NA,NA,NA,NA,NA,NA,NA,NA,NA,NA,NA,NA,NA,NA,NA,NA,NA,NA,NA,NA,NA,NA,NA,NA,NA,NA,NA,NA,NA,NA,NA,NA,NA,NA,NA,NA,NA,NA,NA,NA,NA,NA,NA,NA,NA,NA,NA,NA,NA,NA,NA,NA,NA,NA,NA,NA,NA,NA,NA,7.22253,7.94363,2.58349,0,1.44325,0,1.05835,9.74172,0,0.258584,5.94675e-05,1567.17,1.14099,0,5.7697,1015.3,513.597,15.0145,0,16.3361,0,0.0158031,0,0,1,1,1,1,1,1,1,1,"3.30.16.00;_2020_09_03;_safe;_Stock_Synthesis_by_Richard_Methot_(NOAA)_using_ADMB_12.2",2.33333333333333,"constGrowthOMfixedParamsEM_EM_2023",FALSE,1530,1.68003,-0.0395086,0.443676,NA,NA,-0.311,NA,NA,NA,NA,0,0,NA,NA,NA,NA,"5","constGrowth_compNsamp"
384955,472866,457017,4322060,153982,0.55,0.2856,50933.2,76991.1,0.518129,45479.3,133635,0.510357,0.334029,51515.9,51515.9,NA,0.0558122377940279,1.12921860791095,"1990.4","1996.3","2017.9","2019","0.929",NA,NA,NA,0.585,9.32358,22.787,0.672942,0.231617,0.0493606,7.5242e-06,3.2332,15.44,-0.89252,1,0,1,0.5,15.2792,0.5,1,0,0,NA,0.734054,1.51729,1.86282,0.467085,NA,NA,-0.417515,-2.78955,-4.06362,-2.23505,-3.21547,0,NA,NA,NA,0.622897,0,-1.83,-0.59,NA,12.9192,1.74779,0.500009,-2.81242,-0.414871,-0.516696,0.468958,-0.138923,-2.33721,-0.0944222,-4.34247,1.99999,0.243321,-1.28445,0.427386,-1.51041,1.17745,-1.80463,0.384761,-7.47951,3.33875,1.94824,0,0.000155516,NA,NA,NA,NA,NA,NA,NA,NA,NA,NA,NA,NA,NA,NA,NA,NA,NA,NA,NA,NA,NA,NA,NA,NA,NA,NA,NA,NA,NA,NA,NA,NA,NA,NA,NA,NA,NA,NA,NA,NA,NA,NA,NA,NA,NA,NA,NA,NA,NA,NA,NA,NA,NA,NA,NA,NA,NA,NA,NA,NA,NA,NA,NA,NA,NA,NA,NA,NA,NA,NA,NA,NA,NA,NA,NA,NA,NA,NA,NA,NA,NA,NA,NA,NA,NA,NA,NA,NA,NA,NA,NA,NA,NA,NA,NA,NA,NA,NA,NA,NA,NA,NA,NA,NA,NA,NA,NA,NA,NA,NA,NA,NA,NA,NA,7.24379,7.97862,2.66716,0,1.69213,0,0.984335,9.76135,0,0.271069,2.29486e-05,1673.07,1.1399,0,20.4123,1076.39,540.379,14.8377,0,19.9018,0,0.0154835,0,0,1,1,1,1,1,1,1,1,"3.30.16.00;_2020_09_03;_safe;_Stock_Synthesis_by_Richard_Methot_(NOAA)_using_ADMB_12.2",1.91666666666667,"constGrowthOMfixedParamsEM_EM_2024",FALSE,1219,1.84671,-0.0221134,0.439464,NA,NA,-0.311,NA,NA,NA,NA,NA,NA,0,0,NA,NA,"5","constGrowth_compNsamp"
365863,450767,435621,4131670,146345,0.55,0.276607,47157.6,73172.6,0.503964,42340.9,125919,0.508128,0.326708,47762,47762,NA,0.143065847052039,1.26272046325201,"1990.4","1996.3","2017.9","2019","0.929",NA,NA,NA,0.585,9.28165,22.7445,0.677513,0.231403,0.0500996,7.5242e-06,3.2332,15.44,-0.89252,1,0,1,0.5,15.2342,0.5,1,0,0,NA,0.730594,1.51133,1.81554,0.547992,NA,NA,0,NA,NA,NA,NA,NA,NA,NA,NA,0.116594,0,-1.83,-0.59,NA,12.8384,1.72247,0.499965,-2.68176,-0.55927,-1.04742,-0.43861,-0.558067,0.240641,-2.08845,-2.02086,1.99999,0.256531,-1.46307,-0.163861,-1.44138,1.27652,-0.457656,0.15713,-3.5068,2.70471,1.59286,0,0.00472096,NA,NA,NA,NA,NA,NA,NA,NA,NA,NA,NA,NA,NA,NA,NA,NA,NA,NA,NA,NA,NA,NA,NA,NA,NA,NA,NA,NA,NA,NA,NA,NA,NA,NA,NA,NA,NA,NA,NA,NA,NA,NA,NA,NA,NA,NA,NA,NA,NA,NA,NA,NA,NA,NA,NA,NA,NA,NA,NA,NA,NA,NA,NA,NA,NA,NA,NA,NA,NA,NA,NA,NA,NA,NA,NA,NA,NA,NA,NA,NA,NA,NA,NA,NA,NA,NA,NA,NA,NA,NA,NA,NA,NA,NA,NA,NA,NA,NA,NA,NA,NA,NA,NA,NA,NA,NA,NA,NA,NA,NA,NA,NA,NA,NA,6.97395,7.72814,2.30327,0,1.92882,0,1.3641,9.63754,0,11819.4,2.51,1107.62,0.628671,0,-22.081,808.725,302.678,17.6553,0,0,0,0.0111383,0,0,1,1,1,1,1,1,1,1,"3.30.16.00;_2020_09_03;_safe;_Stock_Synthesis_by_Richard_Methot_(NOAA)_using_ADMB_12.2",1.93333333333333,"constGrowthOMfixedParamsEM_EM_init",FALSE,1372,1.10084,-0.0866275,0.434052,NA,NA,-0.311,NA,NA,NA,NA,NA,NA,NA,NA,0,0,"5","constGrowth_compNsamp"
